,Lung_1,Lung_2,Lung_3,Lung_4,Lung_5,Lung_6,Lung_7,Lung_8,Lung_9,Lung_10,Lung_11,Lung_12,Lung_13,Lung_14,Lung_15,Lung_16,Lung_17,Lung_18,Lung_19,Lung_20,Lung_21,Lung_22,Lung_23,Lung_24,Lung_25,Lung_26,Lung_27,Lung_28,Lung_29,Lung_30,Lung_31,Lung_32,Lung_33,Lung_34,Lung_35,Lung_36,Lung_37,Lung_38,Lung_39,Lung_40,Lung_41,Lung_42,Lung_43,Lung_44,Lung_45,Lung_46,Lung_47,Lung_48,Lung_49,Lung_50,Lung_51,Lung_52,Lung_53,Lung_54,Lung_55,Lung_56,Lung_57,Lung_58,Lung_59,Lung_60,Lung_61,Lung_62,Lung_63,Lung_64,Lung_65,Lung_66,Lung_67,Lung_68,Lung_69,Lung_70,Lung_71,Lung_72,Lung_73,Lung_74,Lung_75,Lung_76,Lung_77,Lung_78,Lung_79,Lung_80,Lung_81,Lung_82,Lung_83,Lung_84,Lung_85,Lung_86,Lung_87,Lung_88,Lung_89,Lung_90,Lung_91,Lung_92,Lung_93,Lung_94,Lung_95,Lung_96,Lung_97,Lung_98,Lung_99,Lung_100,Lung_101,Lung_102,Lung_103,Lung_104,Lung_105,Lung_106,Lung_107,Lung_108,Lung_109,Lung_110,Lung_111,Lung_112,Lung_113,Lung_114,Lung_115,Lung_116,Lung_117,Lung_118,Lung_119,Lung_120,Lung_121,Lung_122,Lung_123,Lung_124,Lung_125,Lung_126,Lung_127,Lung_128,Lung_129,Lung_130,Lung_131,Lung_132,Lung_133,Lung_134,Lung_135,Lung_136,Lung_137,Lung_138,Lung_139,Lung_140,Lung_141,Lung_142,Lung_143,Lung_144,Lung_145,Lung_146,Lung_147,Lung_148,Lung_149,Lung_150,Lung_151,Lung_152,Lung_153,Lung_154,Lung_155,Lung_156,Lung_157,Lung_158,Lung_159,Lung_160,Lung_161,Lung_162,Lung_163,Lung_164,Lung_165,Lung_166,Lung_167,Lung_168,Lung_169,Lung_170,Lung_171,Lung_172,Lung_173,Lung_174,Lung_175,Lung_176,Lung_177,Lung_178,Lung_179,Lung_180,Lung_181,Lung_182,Lung_183,Lung_184,Lung_185,Lung_186,Lung_187,Lung_188,Lung_189,Lung_190,Lung_191,Lung_192,Lung_193,Lung_194,Lung_195,Lung_196,Lung_197,Lung_198,Lung_199,Lung_200,Lung_201,Lung_202,Lung_203,Lung_204,Lung_205,Lung_206,Lung_207,Lung_208,Lung_209,Lung_210,Lung_211,Lung_212,Lung_213,Lung_214,Lung_215,Lung_216,Lung_217,Lung_218,Lung_219,Lung_220,Lung_221,Lung_222,Lung_223,Lung_224,Lung_225,Lung_226,Lung_227,Lung_228,Lung_229,Lung_230,Lung_231,Lung_232,Lung_233,Lung_234,Lung_235,Lung_236,Lung_237,Lung_238,Lung_239,Lung_240,Lung_241,Lung_242,Lung_243,Lung_244,Lung_245,Lung_246,Lung_247,Lung_248,Lung_249,Lung_250,Lung_251,Lung_252,Lung_253,Lung_254,Lung_255,Lung_256,Lung_257,Lung_258,Lung_259,Lung_260,Lung_261,Lung_262,Lung_263,Lung_264,Lung_265,Lung_266,Lung_267,Lung_268,Lung_269,Lung_270,Lung_271,Lung_272,Lung_273,Lung_274,Lung_275,Lung_276,Lung_277,Lung_278,Lung_279,Lung_280,Lung_281,Lung_282,Lung_283,Lung_284,Lung_285,Lung_286,Lung_287,Lung_288,Lung_289,Lung_290,Lung_291,Lung_292,Lung_293,Lung_294,Lung_295,Lung_296,Lung_297,Lung_298,Lung_299,Lung_300,Lung_301,Lung_302,Lung_303,Lung_304,Lung_305,Lung_306,Lung_307,Lung_308,Lung_309,Lung_310,Lung_311,Lung_312,Lung_313,Lung_314,Lung_315,Lung_316,Lung_317,Lung_318,Lung_319,Lung_320,Lung_321,Lung_322,Lung_323,Lung_324,Lung_325,Lung_326,Lung_327,Lung_328,Lung_329,Lung_330,Lung_331,Lung_332,Lung_333,Lung_334,Lung_335,Lung_336,Lung_337,Lung_338,Lung_339,Lung_340,Lung_341,Lung_342,Lung_343,Lung_344,Lung_345,Lung_346,Lung_347,Lung_348,Lung_349,Lung_350,Lung_351,Lung_352,Lung_353,Lung_354,Lung_355,Lung_356,Lung_357,Lung_358,Lung_359,Lung_360,Lung_361,Lung_362,Lung_363,Lung_364,Lung_365,Lung_366,Lung_367,Lung_368,Lung_369,Lung_370,Lung_371,Lung_372,Lung_373,Lung_374,Lung_375,Lung_376,Lung_377,Lung_378,Lung_379,Lung_380,Lung_381,Lung_382,Lung_383,Lung_384,Lung_385,Lung_386,Lung_387,Lung_388,Lung_389,Lung_390,Lung_391,Lung_392,Lung_393,Lung_394,Lung_395,Lung_396,Lung_397,Lung_398,Lung_399,Lung_400,Lung_401,Lung_402,Lung_403,Lung_404,Lung_405,Lung_406,Lung_407,Lung_408,Lung_409,Lung_410,Lung_411,Lung_412,Lung_413,Lung_414,Lung_415,Lung_416,Lung_417,Lung_418,Lung_419,Lung_420,Lung_421,Lung_422,Lung_423,Lung_424,Lung_425,Lung_426,Lung_427,Lung_428,Lung_429,Lung_430,Lung_431,Lung_432,Lung_433,Lung_434,Lung_435,Lung_436,Lung_437,Lung_438,Lung_439,Lung_440,Lung_441,Lung_442,Lung_443,Lung_444,Lung_445,Lung_446,Lung_447,Lung_448,Lung_449,Lung_450,Lung_451,Lung_452,Lung_453,Lung_454,Lung_455,Lung_456,Lung_457,Lung_458,Lung_459,Lung_460,Lung_461,Lung_462,Lung_463,Lung_464,Lung_465,Lung_466,Lung_467,Lung_468,Lung_469,Lung_470,Lung_471,Lung_472,Lung_473,Lung_474,Lung_475,Lung_476,Lung_477,Lung_478,Lung_479,Lung_480,Lung_481,Lung_482,Lung_483,Lung_484,Lung_485,Lung_486,Lung_487,Lung_488,Lung_489,Lung_490,Lung_491,Lung_492,Lung_493,Lung_494,Lung_495,Lung_496,Lung_497,Lung_498,Lung_499,Lung_500,Lung_501,Lung_502,Lung_503,Lung_504,Lung_505,Lung_506,Lung_507,Lung_508,Lung_509,Lung_510,Lung_511,Lung_512,Lung_513,Lung_514,Lung_515,Lung_516,Lung_517,Lung_518,Lung_519,Lung_520,Lung_521,Lung_522,Lung_523,Lung_524,Lung_525,Lung_526,Lung_527,Lung_528,Lung_529,Lung_530,Lung_531,Lung_532,Lung_533,Lung_534,Lung_535,Lung_536,Lung_537,Lung_538,Lung_539,Lung_540,Lung_541,Lung_542,Lung_543,Lung_544,Lung_545,Lung_546,Lung_547,Lung_548,Lung_549,Lung_550,Lung_551,Lung_552,Lung_553,Lung_554,Lung_555,Lung_556,Lung_557,Lung_558,Lung_559,Lung_560,Lung_561,Lung_562,Lung_563,Lung_564,Lung_565,Lung_566,Lung_567,Lung_568,Lung_569,Lung_570,Lung_571,Lung_572,Lung_573,Lung_574,Lung_575,Lung_576,Lung_577,Lung_578
NKX2-1,41.85,73.43,23.74,144.9,140.9,39.52,22.58,194.8,154.6,292.9,40.91,89.39,213.4,90.4,22.94,315.5,117.0,215.5,178.9,31.92,17.78,25.1,301.6,207.8,60.62,88.32,62.73,94.76,33.06,63.08,60.45,119.2,83.74,252.1,96.65,41.69,22.14,39.24,21.76,115.3,66.29,310.9,75.82,52.83,61.37,34.59,166.3,103.0,170.6,71.28,222.1,102.0,126.2,101.2,135.5,99.46,104.5,122.0,49.09,48.31,86.09,69.72,94.94,132.7,125.4,240.5,177.7,98.84,43.16,95.18,54.66,49.62,95.68,46.66,50.99,147.9,42.94,181.4,86.1,47.3,59.85,31.74,13.22,151.8,207.9,428.0,76.59,99.58,148.9,113.9,49.14,243.1,24.62,64.14,39.29,168.1,268.9,110.1,25.49,42.94,41.49,193.2,25.87,210.3,210.0,53.19,83.17,87.12,229.6,70.81,184.7,141.8,15.82,206.8,246.7,22.27,144.3,62.28,137.7,74.25,79.65,59.11,148.4,72.19,36.32,63.95,157.8,53.91,210.2,65.68,48.82,78.32,96.79,131.6,16.38,117.0,62.58,67.61,41.17,80.75,104.2,99.22,101.7,91.89,113.6,97.98,19.16,85.55,306.5,188.7,269.7,74.09,76.95,163.2,53.29,62.03,191.1,12.93,38.82,152.0,177.9,112.0,116.0,238.8,47.97,126.6,12.87,68.14,157.1,153.6,64.66,85.33,84.02,78.95,73.79,65.21,110.8,93.57,71.22,103.9,173.9,42.16,76.97,115.5,143.5,185.3,43.89,50.57,139.3,254.8,140.0,25.5,107.7,36.43,62.68,131.3,126.7,72.14,117.0,41.24,7.303,193.1,45.3,32.19,77.21,40.14,213.9,185.7,81.66,127.7,69.3,105.3,112.1,54.11,62.04,337.1,212.8,144.0,101.9,64.87,114.1,115.7,331.5,49.27,83.18,72.7,99.77,34.92,38.2,122.7,86.08,169.2,110.7,17.62,135.9,196.5,35.59,90.66,14.2,7.143,24.86,58.72,140.9,5.622,104.5,19.93,32.86,27.67,42.89,49.56,36.08,110.5,309.1,54.93,121.3,179.9,30.99,9.811,33.15,51.11,42.75,120.6,249.1,135.6,65.25,65.22,51.71,38.49,32.66,55.53,38.56,154.2,59.36,8.468,329.1,110.9,35.36,157.0,41.74,41.51,151.8,20.27,41.78,101.0,77.07,108.0,72.21,90.99,67.27,13.83,189.7,50.74,93.49,108.8,23.54,131.2,201.8,32.43,56.77,78.58,21.7,88.29,41.49,16.83,111.4,27.17,123.7,144.5,179.2,0.0,5.707,103.3,51.05,198.8,75.15,101.4,32.54,48.81,53.01,51.96,8.089,179.1,39.21,9.728,163.1,32.48,59.67,164.4,133.0,143.9,4.59,38.97,59.68,49.55,16.98,110.5,173.4,33.59,91.5,89.6,66.06,37.91,56.46,53.63,143.2,101.2,40.88,25.85,75.32,106.0,127.2,120.5,26.57,21.78,27.6,147.9,167.1,126.7,86.26,22.77,279.0,31.92,101.6,30.37,79.01,14.79,39.92,65.72,10.97,80.4,189.6,49.89,71.21,139.9,124.5,159.5,38.71,89.73,115.2,82.46,102.9,25.53,39.37,41.89,247.8,39.18,25.18,101.6,131.7,87.04,59.75,223.3,97.82,121.7,99.66,84.57,109.0,285.0,164.9,99.3,139.1,227.5,40.63,95.34,41.96,160.1,126.6,157.5,62.96,178.5,142.6,10.01,161.7,158.4,68.08,34.4,126.5,92.96,201.0,105.2,105.0,123.0,87.42,170.8,21.52,93.91,90.44,125.7,101.9,40.65,131.7,24.23,127.8,50.91,26.45,221.4,18.98,82.13,112.8,134.5,28.45,137.8,54.31,26.82,69.26,124.7,48.29,98.46,45.15,104.2,156.0,71.92,7.162,92.57,20.0,65.15,98.96,35.24,131.0,46.66,73.2,144.9,62.34,82.58,40.82,70.8,107.7,175.6,211.9,24.05,48.35,102.6,71.74,38.55,29.83,68.89,159.8,134.7,74.47,47.28,49.18,81.61,81.82,55.32,147.7,129.3,89.92,202.5,103.4,192.8,94.48,193.9,46.93,123.9,263.3,78.7,99.02,106.8,31.46,126.3,101.2,207.9,129.1,10.62,94.18,26.11,18.34,167.4,54.59,118.0,143.4,144.9,150.4,153.1,150.7,221.2,75.01,92.38,164.6,217.0,287.1,68.97,75.83,88.76,21.25,78.89,138.8,128.4,187.8,126.3,129.2,244.6,115.6,229.6,291.2,135.2,159.9,177.6,58.91,145.6,31.26,133.8,51.72,91.03,197.8,62.73,233.1,46.03,177.8,144.9,160.7,35.09,164.7,90.32,63.9,96.98,232.5,78.65,151.8,129.4,87.71,154.8,152.4,68.66,94.65,102.7,33.91,93.34,62.26,53.23,100.1,195.8,79.91,87.1,19.77,74.69,149.3,91.16
SFTPB,5474.0,874.7,702.8,11540.0,9387.0,1145.0,403.6,11330.0,8109.0,9164.0,2271.0,1380.0,12210.0,11780.0,374.6,11830.0,12820.0,9122.0,3179.0,313.0,449.6,100.6,10110.0,5907.0,111.3,15260.0,1393.0,2214.0,509.7,3778.0,1535.0,5589.0,968.8,9777.0,12800.0,742.8,2102.0,1531.0,414.7,8795.0,3822.0,7139.0,2083.0,326.6,2174.0,507.5,4066.0,12170.0,4333.0,8293.0,14800.0,770.1,656.9,9248.0,9846.0,2782.0,2190.0,5200.0,1747.0,334.5,784.5,4010.0,12150.0,10350.0,12600.0,15900.0,7933.0,9861.0,1294.0,2036.0,6537.0,6715.0,10540.0,6446.0,2200.0,202.4,1556.0,9510.0,1778.0,236.2,961.1,1436.0,879.1,5074.0,14350.0,13070.0,882.4,1784.0,2661.0,1584.0,739.9,13500.0,1294.0,2436.0,332.5,9828.0,10730.0,5262.0,1343.0,91.44,1335.0,11130.0,62.57,7546.0,9646.0,974.5,9324.0,1756.0,5761.0,4235.0,8980.0,6944.0,486.8,5830.0,16290.0,121.4,11450.0,2466.0,4642.0,4679.0,7758.0,4398.0,11570.0,10990.0,238.8,8135.0,6355.0,295.5,9877.0,2940.0,2604.0,4209.0,2527.0,9733.0,329.3,4921.0,1485.0,2491.0,677.8,3415.0,2498.0,877.6,1887.0,2946.0,13990.0,2134.0,676.2,3560.0,10390.0,12380.0,10360.0,2946.0,571.0,12180.0,938.7,985.1,18330.0,64.51,911.8,3334.0,9868.0,14710.0,15890.0,12080.0,1208.0,9956.0,430.0,7956.0,7686.0,5733.0,2778.0,14630.0,1059.0,8822.0,4988.0,8856.0,2677.0,7855.0,1770.0,2627.0,12710.0,1170.0,1490.0,11890.0,6933.0,10210.0,57.57,1150.0,8871.0,9616.0,10790.0,506.5,4153.0,305.0,1431.0,3793.0,11510.0,5409.0,5186.0,794.6,244.3,5659.0,1333.0,774.1,1849.0,1051.0,6634.0,3744.0,6991.0,10430.0,384.2,4069.0,10630.0,1922.0,9423.0,12710.0,12060.0,17030.0,3074.0,2195.0,11420.0,1762.0,17340.0,5789.0,7782.0,1608.0,1631.0,400.8,219.6,4710.0,1675.0,11870.0,8892.0,455.6,3849.0,6556.0,413.5,2170.0,277.0,166.1,714.3,1324.0,11540.0,626.4,2433.0,794.1,268.1,598.2,967.8,263.8,456.4,4434.0,7618.0,717.3,4590.0,5367.0,210.4,29.98,175.4,2571.0,335.8,3712.0,13300.0,8266.0,1637.0,2824.0,87.1,334.6,4496.0,939.0,912.6,10540.0,924.0,197.1,11530.0,3100.0,410.0,5391.0,253.7,2291.0,13180.0,1002.0,2743.0,3170.0,109.0,8950.0,4845.0,94.07,2177.0,462.7,13120.0,610.4,437.5,1811.0,1691.0,7107.0,14460.0,346.8,1376.0,1721.0,534.9,4335.0,546.5,594.8,13170.0,272.8,13110.0,8324.0,13230.0,0.034,215.8,1328.0,2286.0,8001.0,361.1,6196.0,885.3,273.1,826.5,262.6,424.3,11860.0,2453.0,313.2,11740.0,1335.0,530.6,13230.0,10110.0,7547.0,165.6,2502.0,1456.0,607.1,603.4,1820.0,14110.0,3969.0,4991.0,1324.0,1123.0,514.0,1654.0,1392.0,11940.0,10040.0,232.6,1206.0,2755.0,8108.0,2148.0,3476.0,1185.0,456.2,364.8,5205.0,7651.0,8663.0,1248.0,335.2,12790.0,2680.0,10280.0,1304.0,2329.0,207.5,1465.0,1045.0,1057.0,2694.0,10520.0,301.3,1364.0,9553.0,11360.0,8247.0,3783.0,2612.0,1005.0,1134.0,4706.0,921.1,460.3,1206.0,9179.0,513.4,1003.0,6489.0,4790.0,6980.0,3520.0,15440.0,7757.0,8475.0,2866.0,4377.0,9945.0,11880.0,2603.0,10670.0,7530.0,12170.0,1025.0,1549.0,1053.0,2071.0,14160.0,10720.0,7470.0,12950.0,5041.0,677.1,6655.0,11250.0,5374.0,1547.0,8147.0,380.6,9861.0,4764.0,3206.0,10850.0,2862.0,10170.0,556.8,11570.0,9331.0,846.0,14650.0,1368.0,5875.0,772.3,7513.0,2891.0,300.3,14850.0,560.7,8520.0,7763.0,13430.0,982.8,11420.0,974.0,906.0,1993.0,12980.0,1027.0,10210.0,338.8,9309.0,6222.0,7803.0,375.0,5050.0,1407.0,1707.0,9406.0,1049.0,1874.0,3147.0,14300.0,9468.0,536.5,987.5,223.4,14970.0,11240.0,10890.0,13070.0,155.0,1167.0,14300.0,10750.0,521.5,178.2,10790.0,10020.0,13860.0,1568.0,2132.0,1291.0,3005.0,6815.0,2413.0,5340.0,12020.0,11680.0,12090.0,10800.0,10620.0,8656.0,13860.0,256.4,10150.0,8574.0,1128.0,3199.0,8808.0,1724.0,4125.0,5287.0,4639.0,4839.0,217.5,3996.0,296.8,2085.0,10010.0,2178.0,3436.0,2614.0,5713.0,1657.0,16350.0,7807.0,12310.0,1183.0,890.1,9089.0,6885.0,15550.0,4847.0,7517.0,7512.0,403.8,8944.0,8956.0,13480.0,4955.0,11110.0,6499.0,12850.0,10140.0,7790.0,11190.0,11650.0,1724.0,11260.0,495.7,9764.0,206.1,10940.0,1821.0,2560.0,5087.0,1036.0,10790.0,591.3,8934.0,1395.0,7634.0,1072.0,13450.0,2641.0,2800.0,9317.0,12160.0,11200.0,8192.0,17640.0,4958.0,11430.0,7449.0,4142.0,7790.0,1870.0,80.04,2480.0,299.8,583.1,10020.0,9802.0,1177.0,3464.0,362.2,4343.0,2600.0,7472.0
SFTPC,972.0,142.3,47.16,11970.0,6535.0,168.5,201.5,11580.0,12760.0,7401.0,307.2,161.4,7290.0,6478.0,231.8,8888.0,6578.0,14260.0,5707.0,350.7,66.78,74.76,18800.0,2146.0,270.0,3653.0,445.3,138.3,69.83,1889.0,1200.0,3981.0,224.8,6779.0,1377.0,82.38,801.9,388.2,67.64,10360.0,1792.0,7976.0,393.9,54.87,1167.0,30.99,5565.0,8251.0,5348.0,919.9,12820.0,1003.0,154.2,9518.0,9160.0,2050.0,1037.0,7649.0,2589.0,337.9,1807.0,4022.0,2784.0,2082.0,3169.0,10500.0,7058.0,3041.0,80.4,840.1,502.8,1070.0,1556.0,1510.0,142.7,154.9,565.4,11830.0,438.0,113.6,901.6,1038.0,51.34,3407.0,14580.0,17830.0,1744.0,713.4,344.9,42.74,286.1,11790.0,21.44,36.26,156.4,8034.0,8745.0,5051.0,228.0,85.01,422.3,9622.0,63.04,9518.0,12050.0,149.4,9850.0,134.2,4185.0,1763.0,8038.0,11470.0,23.14,9778.0,11280.0,251.3,6412.0,2950.0,1501.0,1833.0,596.9,567.5,4998.0,878.8,45.12,7825.0,7062.0,199.0,9258.0,960.1,58.44,1453.0,108.1,3041.0,143.7,4872.0,319.2,1793.0,239.2,660.0,5158.0,275.5,4374.0,77.93,2018.0,4040.0,262.0,77.98,11900.0,19780.0,18270.0,17.1,77.35,7403.0,970.9,353.2,7401.0,36.97,82.96,97.7,3336.0,5021.0,12820.0,14020.0,302.4,9183.0,52.94,645.2,7089.0,7298.0,290.2,9072.0,855.4,906.6,8554.0,2069.0,2953.0,6403.0,113.1,1590.0,12390.0,1157.0,95.33,2978.0,4957.0,3625.0,82.17,421.3,12940.0,18980.0,8054.0,81.41,2946.0,44.52,371.0,1750.0,10710.0,434.2,6518.0,692.6,75.69,13540.0,132.0,107.5,1544.0,121.9,2627.0,2595.0,4657.0,11870.0,202.4,6089.0,5729.0,1133.0,2412.0,19560.0,7077.0,14260.0,1359.0,1686.0,2701.0,101.3,10160.0,4229.0,2699.0,1755.0,2461.0,352.1,153.3,6782.0,273.1,10540.0,6524.0,82.34,5554.0,4128.0,378.5,142.6,258.3,225.5,180.2,1853.0,15300.0,210.4,1928.0,534.6,126.2,780.8,108.3,66.8,197.9,388.5,10980.0,390.7,49.54,3659.0,69.87,23.27,194.3,3007.0,207.4,6042.0,14290.0,8976.0,559.3,237.1,66.93,108.3,81.9,132.3,473.1,7479.0,57.5,113.2,12260.0,3394.0,81.5,8323.0,144.7,687.6,9442.0,559.3,124.1,731.0,207.4,7667.0,4301.0,72.89,115.0,34.62,13240.0,64.33,210.8,3010.0,441.1,5528.0,8657.0,341.1,184.8,1492.0,28.63,4972.0,233.0,488.8,4616.0,63.28,4914.0,2261.0,8057.0,0.315,72.46,271.4,601.6,8274.0,150.8,8602.0,661.6,173.7,170.9,622.5,4.267,13050.0,2370.0,264.0,8273.0,1065.0,91.38,9657.0,13690.0,10080.0,11.44,1015.0,71.57,273.3,188.7,79.6,6282.0,933.5,4078.0,1811.0,421.8,168.0,756.7,539.4,7221.0,6709.0,70.13,11.76,147.7,1548.0,689.7,4512.0,559.5,354.5,152.0,7320.0,13630.0,5975.0,163.1,194.8,20780.0,78.25,10830.0,2353.0,239.9,281.5,176.4,83.2,29.98,1180.0,27580.0,116.3,161.3,6394.0,5037.0,9989.0,567.0,3148.0,110.2,212.9,1804.0,468.2,312.9,164.8,11790.0,45.53,265.5,7663.0,1180.0,320.1,1275.0,21970.0,4421.0,9533.0,1603.0,7921.0,4984.0,12130.0,3926.0,9377.0,9713.0,9651.0,447.8,60.36,52.0,1855.0,11250.0,11000.0,489.0,14270.0,7211.0,176.6,6272.0,9811.0,2815.0,34.89,1871.0,85.28,21180.0,9228.0,5275.0,10160.0,2042.0,6764.0,735.0,4383.0,2206.0,1024.0,1974.0,76.14,8036.0,446.4,10280.0,1271.0,413.9,15260.0,552.0,2801.0,9438.0,5853.0,140.1,9163.0,174.5,1106.0,122.5,8109.0,587.6,3188.0,98.68,7211.0,5171.0,282.3,100.6,4518.0,172.1,243.3,6742.0,183.7,651.3,502.4,1954.0,13030.0,290.1,402.7,399.7,1769.0,7324.0,9532.0,19420.0,97.32,2589.0,4542.0,5410.0,220.2,179.4,10870.0,8951.0,12750.0,1469.0,671.6,1474.0,296.4,8973.0,3318.0,7732.0,5619.0,2586.0,12610.0,15260.0,7366.0,6867.0,9918.0,611.4,11330.0,12370.0,329.1,1327.0,4788.0,322.9,6123.0,2137.0,6456.0,8917.0,54.73,2520.0,249.9,124.0,13140.0,622.2,88.8,302.5,3493.0,1159.0,3072.0,9633.0,9041.0,267.1,260.9,8987.0,8205.0,31830.0,556.3,6077.0,2033.0,796.5,2641.0,10940.0,5685.0,6958.0,2353.0,3468.0,10320.0,3855.0,9986.0,25060.0,10780.0,460.6,20930.0,77.9,15100.0,240.8,8820.0,1909.0,3008.0,7994.0,427.5,11700.0,993.4,5791.0,84.84,9810.0,179.2,14350.0,3758.0,589.5,2457.0,10710.0,10830.0,7881.0,1872.0,8889.0,11660.0,7417.0,1459.0,7157.0,854.2,215.2,3340.0,93.98,48.72,3550.0,11370.0,1367.0,103.1,85.34,3696.0,83.88,2855.0
SFTPA1,3658.0,52.03,57.14,9933.0,8095.0,119.8,79.44,17300.0,5762.0,9395.0,447.5,137.9,10100.0,6889.0,139.3,6773.0,6436.0,15740.0,3022.0,122.5,59.36,83.81,12230.0,5031.0,121.6,7557.0,308.9,327.3,50.92,416.4,569.4,3087.0,113.0,8810.0,4694.0,80.39,229.4,159.9,50.73,8485.0,2084.0,3280.0,327.0,59.24,1101.0,21.05,4397.0,9544.0,4573.0,2686.0,6541.0,145.7,104.3,8122.0,10890.0,1431.0,919.4,4504.0,1090.0,196.9,858.7,4385.0,4293.0,4535.0,7992.0,5623.0,4778.0,6687.0,85.6,652.0,4097.0,2150.0,4280.0,1868.0,129.3,55.96,282.6,7262.0,276.6,111.6,759.8,1031.0,21.7,3012.0,7973.0,13940.0,426.7,292.2,145.4,103.5,267.7,10800.0,13.64,31.25,117.5,10040.0,8125.0,1845.0,233.5,63.82,385.1,12990.0,80.96,5982.0,14540.0,73.41,4451.0,135.5,2790.0,969.5,4267.0,7753.0,59.09,5856.0,12350.0,145.4,6644.0,2425.0,1339.0,4093.0,3816.0,351.4,9752.0,4800.0,33.34,7433.0,5542.0,123.1,6832.0,921.3,63.39,1783.0,73.66,4265.0,128.1,8686.0,301.3,880.5,167.6,384.8,3156.0,200.3,2261.0,83.02,6924.0,1973.0,107.6,103.8,7845.0,10050.0,10420.0,8.694,61.38,11260.0,949.0,142.6,16230.0,21.55,57.72,79.23,6575.0,9633.0,10060.0,11240.0,277.7,10900.0,65.92,5024.0,9426.0,7526.0,109.6,6525.0,409.5,4812.0,8920.0,5731.0,3240.0,13420.0,46.3,3388.0,11960.0,406.2,86.48,4881.0,7086.0,9877.0,50.93,356.7,7736.0,8869.0,9450.0,56.08,5392.0,37.52,274.1,802.3,14900.0,1513.0,4218.0,580.6,77.02,9302.0,103.4,80.39,1157.0,249.2,5295.0,1489.0,3735.0,9782.0,111.2,4331.0,8125.0,1153.0,3653.0,9580.0,4328.0,10430.0,732.8,1676.0,12160.0,98.77,12640.0,2859.0,5847.0,2336.0,1556.0,320.0,115.9,6671.0,300.6,12250.0,2852.0,63.16,3080.0,5235.0,138.7,79.73,151.5,96.99,65.95,1093.0,11950.0,301.4,1181.0,351.4,67.11,590.9,72.38,43.64,130.1,542.8,4146.0,195.7,31.91,2059.0,51.01,8.849,105.8,1627.0,108.0,5996.0,10390.0,6961.0,565.7,108.9,52.89,38.3,869.2,65.83,191.2,8506.0,55.05,66.77,6272.0,1533.0,53.0,7062.0,96.13,942.8,13500.0,351.0,134.7,785.9,244.0,7485.0,2773.0,34.51,80.39,55.18,9807.0,38.59,160.0,1265.0,146.1,6269.0,10750.0,212.0,255.1,1378.0,39.75,4707.0,181.4,470.8,9104.0,57.2,9301.0,4636.0,13230.0,0.0,81.96,248.5,1284.0,5521.0,100.9,5696.0,537.6,109.4,77.21,338.5,25.24,5552.0,1755.0,240.7,12680.0,863.1,91.78,8584.0,9655.0,6998.0,20.76,1117.0,55.33,217.1,101.0,57.37,8398.0,1389.0,3036.0,724.2,465.1,102.1,439.0,143.5,9778.0,4390.0,54.29,46.82,93.88,4443.0,326.6,2748.0,300.7,233.9,41.15,2903.0,7133.0,5800.0,179.0,98.95,10390.0,48.57,8864.0,704.2,125.6,239.5,100.3,66.87,29.69,1653.0,9278.0,71.91,118.2,10670.0,3882.0,11960.0,1812.0,2920.0,130.8,99.9,1173.0,393.5,185.4,158.9,11690.0,50.83,754.3,8606.0,425.7,2622.0,1991.0,16460.0,5082.0,13460.0,1983.0,6793.0,6129.0,9475.0,2198.0,10960.0,9244.0,7132.0,636.5,111.3,47.86,1060.0,19930.0,8852.0,5728.0,11530.0,5723.0,192.7,10750.0,9599.0,6331.0,26.77,3728.0,58.69,16580.0,6045.0,2628.0,11240.0,2921.0,5105.0,474.1,8671.0,4026.0,456.6,14430.0,162.5,6909.0,201.6,12810.0,4302.0,164.8,14050.0,251.9,7448.0,7562.0,11380.0,102.6,13320.0,108.9,695.3,151.8,10070.0,314.9,7663.0,72.88,6768.0,4124.0,2137.0,213.4,2334.0,204.5,180.7,7740.0,139.0,317.0,492.9,4099.0,7524.0,98.15,165.4,235.5,4940.0,12500.0,15140.0,10110.0,115.4,1508.0,14140.0,7338.0,182.1,60.75,10110.0,9127.0,8608.0,1133.0,1387.0,1731.0,286.9,8419.0,3624.0,7057.0,7746.0,5997.0,12570.0,9207.0,7718.0,12290.0,16720.0,389.0,10760.0,7705.0,167.9,1523.0,8756.0,505.5,3133.0,5064.0,4593.0,6868.0,64.8,2320.0,112.5,219.2,8513.0,628.5,112.5,88.74,3750.0,704.3,10880.0,5128.0,14490.0,148.1,145.1,7892.0,4165.0,9748.0,2588.0,8171.0,2887.0,633.5,6868.0,7804.0,8611.0,5143.0,6488.0,6082.0,7571.0,8281.0,7477.0,8222.0,5752.0,155.0,7338.0,66.27,6837.0,190.4,8477.0,948.6,2878.0,10430.0,270.7,8086.0,749.9,6868.0,107.6,13250.0,74.41,9301.0,3930.0,525.6,5891.0,9022.0,6105.0,8044.0,9484.0,6305.0,8119.0,9293.0,3230.0,5071.0,395.5,111.4,1861.0,84.51,28.46,9289.0,8901.0,704.3,37.15,40.29,2716.0,79.55,4797.0
SFTPA2,2792.0,64.79,51.55,8050.0,5955.0,130.8,56.56,20190.0,4259.0,9524.0,588.6,184.5,13300.0,8952.0,163.6,8193.0,8513.0,15660.0,3628.0,90.11,48.02,48.16,11080.0,4007.0,80.74,11740.0,304.5,371.5,50.9,504.3,555.4,4303.0,104.1,8812.0,6826.0,62.6,181.6,148.1,41.4,7343.0,2201.0,3387.0,409.8,53.98,1225.0,11.06,4230.0,9515.0,4678.0,4070.0,9186.0,127.1,92.39,8553.0,7620.0,1677.0,653.0,4052.0,1273.0,263.9,711.6,4259.0,8054.0,5166.0,6318.0,8957.0,4474.0,5739.0,80.62,864.7,5370.0,2526.0,4192.0,1692.0,104.0,39.37,333.9,10130.0,435.6,93.68,733.5,1081.0,18.47,2623.0,8111.0,16950.0,360.9,268.1,100.7,120.7,276.2,12880.0,20.82,38.46,73.22,10050.0,8845.0,1871.0,241.2,50.4,410.8,13440.0,24.08,4523.0,17190.0,63.96,5875.0,131.4,3671.0,1405.0,5212.0,7288.0,78.87,6906.0,11950.0,159.9,4994.0,2335.0,1607.0,3818.0,5349.0,458.7,9700.0,5789.0,24.99,7395.0,5995.0,130.1,6370.0,1300.0,60.11,1783.0,59.02,6637.0,75.24,8487.0,298.3,1055.0,195.7,469.0,3257.0,178.7,1870.0,59.17,8454.0,2193.0,152.9,135.9,7231.0,10500.0,10660.0,6.837,56.1,12600.0,937.0,144.2,16850.0,12.83,70.2,64.59,7425.0,10600.0,12890.0,10220.0,212.1,12170.0,57.82,4736.0,7982.0,7205.0,76.97,8609.0,364.3,4338.0,8238.0,6336.0,2711.0,14070.0,56.79,2869.0,15160.0,389.0,96.43,5855.0,6306.0,7238.0,34.22,360.1,8651.0,11410.0,11810.0,47.78,4881.0,35.39,288.6,879.5,16370.0,2028.0,3428.0,498.1,63.74,6954.0,92.57,67.29,1256.0,304.0,4341.0,1558.0,3301.0,8993.0,118.0,3802.0,8245.0,1034.0,4867.0,7323.0,4106.0,11540.0,685.9,1987.0,12410.0,83.79,20260.0,3223.0,6495.0,2075.0,1654.0,351.6,61.75,7212.0,334.1,11380.0,2825.0,63.03,3150.0,6380.0,136.5,103.5,145.6,62.75,42.91,1044.0,11060.0,290.4,1788.0,363.1,39.99,431.5,58.94,30.25,117.8,529.0,3570.0,141.8,23.44,1851.0,25.27,7.361,58.35,1072.0,69.29,4968.0,14880.0,8485.0,552.7,87.85,38.24,25.49,1218.0,64.28,238.0,6423.0,45.12,69.83,6817.0,1564.0,51.0,6802.0,79.47,1107.0,15150.0,298.0,125.8,598.0,212.1,7563.0,2381.0,35.36,71.57,50.85,10840.0,36.22,152.7,1371.0,145.9,5775.0,10700.0,190.0,235.1,1366.0,59.23,3169.0,174.6,457.3,10350.0,44.68,9332.0,4771.0,15840.0,0.0,81.03,322.3,1093.0,5007.0,74.71,4772.0,512.9,93.51,49.25,317.6,56.13,7483.0,1467.0,236.8,11250.0,734.0,105.6,10720.0,13930.0,6745.0,17.12,1017.0,52.0,149.7,102.4,53.41,9259.0,2007.0,2559.0,1001.0,617.8,73.61,437.4,157.3,10520.0,5308.0,50.15,46.32,178.9,3904.0,254.8,3236.0,195.9,197.7,32.67,2760.0,7554.0,5269.0,244.0,95.19,10550.0,33.19,5929.0,561.1,179.4,293.2,76.75,92.93,34.09,1498.0,8758.0,70.5,143.7,11470.0,4393.0,11200.0,1793.0,2477.0,180.8,131.6,1107.0,398.5,207.1,160.1,11760.0,34.41,850.0,7261.0,298.0,1831.0,1734.0,15760.0,4712.0,17570.0,1839.0,6284.0,6891.0,12210.0,1975.0,10290.0,9843.0,9170.0,675.4,102.0,86.65,1218.0,20220.0,7751.0,5072.0,12380.0,6093.0,190.8,10200.0,8857.0,7130.0,22.43,3801.0,56.26,13770.0,6050.0,1544.0,10950.0,2847.0,5910.0,397.1,14630.0,4137.0,476.5,13440.0,115.1,6170.0,171.3,16000.0,2829.0,141.1,16470.0,211.7,8952.0,6940.0,11140.0,199.4,11440.0,101.7,718.7,133.6,11190.0,295.3,8127.0,67.27,7936.0,4157.0,2173.0,197.5,2664.0,270.6,201.6,8189.0,144.1,244.7,450.3,6696.0,7424.0,71.58,143.5,200.4,4813.0,12090.0,15120.0,10720.0,136.1,1179.0,12840.0,8476.0,210.3,65.85,14930.0,8168.0,6429.0,1330.0,1308.0,2095.0,292.3,8646.0,2894.0,5466.0,6823.0,4785.0,14560.0,9177.0,7503.0,13990.0,15070.0,353.9,11270.0,8402.0,149.8,1497.0,8886.0,561.1,3633.0,5537.0,5424.0,5401.0,38.8,2808.0,90.93,366.8,10110.0,724.9,118.6,77.97,3829.0,987.4,11470.0,4654.0,14140.0,153.5,164.1,9370.0,3495.0,11660.0,1917.0,8655.0,2837.0,689.5,6190.0,7228.0,6298.0,5256.0,6082.0,5552.0,10030.0,7279.0,7024.0,8170.0,6241.0,154.1,8075.0,51.65,11810.0,228.3,9329.0,765.3,2464.0,8226.0,320.6,9821.0,795.2,8742.0,156.9,13760.0,62.64,8015.0,3381.0,440.2,5836.0,11480.0,6440.0,8832.0,9079.0,5496.0,8054.0,11290.0,3393.0,4566.0,384.9,93.43,1925.0,65.68,28.64,10420.0,10640.0,939.7,30.77,26.98,2296.0,114.3,5580.0
SFTPD,397.8,38.66,35.38,927.6,689.0,27.18,11.77,383.0,695.7,438.1,51.99,99.77,578.7,710.2,29.63,427.7,1012.0,1230.0,374.3,82.23,21.01,106.8,1075.0,567.3,59.54,1313.0,46.69,77.96,20.02,141.9,155.4,439.9,21.74,667.2,635.5,36.61,32.42,61.46,103.0,765.7,428.7,403.7,154.5,29.51,139.7,27.95,367.3,1075.0,294.7,451.3,981.7,51.34,66.49,654.5,1124.0,140.0,109.2,374.5,94.51,18.58,192.8,326.7,729.8,861.1,1246.0,721.2,405.7,1043.0,60.98,45.12,484.2,211.6,580.0,310.4,31.76,85.31,44.97,466.1,42.28,43.63,182.7,182.9,59.19,278.7,650.4,865.3,129.0,25.97,148.0,81.18,66.67,708.8,23.15,30.04,31.33,1043.0,752.1,239.0,47.76,20.11,41.93,1345.0,29.77,774.5,878.9,22.46,667.0,103.6,298.2,242.3,577.6,968.6,14.66,492.5,1150.0,45.37,1232.0,236.5,176.6,547.8,542.7,38.74,580.6,710.3,53.12,732.1,584.4,20.77,753.7,84.81,81.77,380.9,30.62,657.7,42.56,640.5,66.32,157.2,28.58,131.8,296.3,178.3,242.9,224.3,896.1,269.9,36.88,30.68,881.8,806.9,710.4,11.25,31.13,1103.0,162.2,85.95,942.3,8.365,24.11,139.6,548.2,827.8,761.9,1104.0,33.24,921.0,25.25,311.0,711.8,643.3,224.5,985.6,84.31,678.2,803.3,438.2,356.8,1031.0,12.5,332.2,974.0,93.89,77.21,1220.0,458.8,1295.0,47.25,20.53,850.3,1266.0,705.5,73.39,603.7,27.47,84.89,105.0,597.1,119.8,534.2,73.65,14.75,862.5,79.67,42.94,128.2,24.26,786.9,202.5,587.5,818.1,23.63,480.8,574.5,92.34,610.0,997.5,522.3,1253.0,123.8,271.0,1281.0,38.75,824.3,352.2,922.1,127.0,187.0,142.3,29.56,657.4,96.04,912.3,514.3,38.19,201.2,435.1,117.5,41.78,19.11,6.888,64.96,168.7,1418.0,33.06,201.6,37.03,47.38,47.8,50.18,29.95,62.13,306.3,633.2,74.2,265.3,397.5,27.7,4.824,76.12,259.3,22.04,488.7,543.2,929.8,140.7,49.03,27.69,42.2,167.9,63.4,82.8,974.9,14.65,24.78,451.1,206.3,19.93,564.9,32.89,114.8,724.7,65.25,30.69,87.54,68.68,568.0,368.8,66.74,45.61,22.76,697.1,39.37,136.6,201.2,80.48,454.1,805.5,84.5,90.33,186.6,26.39,504.5,52.85,32.4,754.6,26.68,1099.0,605.1,1088.0,0.432,11.96,68.63,184.5,669.1,24.52,539.9,98.48,77.98,33.18,90.21,8.157,625.9,230.3,18.67,1244.0,82.01,48.88,762.1,964.3,802.3,2.46,95.19,26.88,104.5,30.26,25.72,749.5,184.4,423.6,91.76,37.51,31.32,126.2,58.35,1288.0,670.0,34.44,85.64,120.7,581.6,74.35,218.4,110.6,27.04,30.0,609.6,732.1,627.2,61.91,49.81,808.8,138.7,1350.0,135.8,40.98,27.85,31.07,37.42,18.33,192.0,1407.0,36.02,129.3,790.5,1222.0,782.8,142.9,407.2,85.29,29.97,194.3,30.65,100.2,57.57,634.5,33.29,52.48,662.0,150.3,720.0,266.5,1029.0,747.5,841.0,418.8,555.2,786.5,936.8,179.7,1193.0,519.4,958.7,92.16,82.24,21.8,50.36,1070.0,1176.0,642.3,879.2,261.7,34.57,466.0,1310.0,407.1,61.01,520.2,40.2,1137.0,868.6,359.3,1009.0,300.9,664.5,33.28,665.5,457.5,168.6,634.5,114.2,598.2,21.75,611.5,528.3,32.14,988.5,32.05,544.6,623.4,1286.0,10.13,986.8,48.5,130.1,125.5,791.7,50.16,616.0,23.38,719.6,402.6,448.1,23.07,181.2,225.7,101.8,273.1,27.39,65.05,71.9,472.1,410.6,47.11,75.28,52.26,1032.0,791.8,1647.0,789.3,17.46,159.9,1065.0,507.9,32.26,30.19,926.9,761.7,1306.0,57.41,122.1,116.4,42.7,522.1,459.5,398.0,1387.0,604.9,983.8,1035.0,993.4,765.9,1207.0,83.98,1049.0,560.1,38.93,97.07,799.9,74.97,397.5,660.0,516.1,619.3,10.96,297.9,113.6,53.4,773.8,88.7,147.6,75.22,520.7,74.07,993.6,707.4,666.1,34.72,70.63,965.2,716.8,1706.0,361.3,800.2,657.0,33.43,962.9,1013.0,1112.0,507.4,723.0,675.2,804.7,685.8,551.2,1094.0,627.5,76.92,990.6,37.87,749.4,34.29,943.6,143.6,245.8,656.2,41.41,1003.0,77.74,540.4,50.6,897.0,32.98,747.5,470.7,126.9,604.2,971.1,719.7,603.1,1160.0,741.5,850.3,741.3,531.9,908.4,75.32,30.67,242.2,30.88,68.44,709.3,698.0,188.8,90.91,10.97,263.3,48.29,478.1
SCGB1A1,32.58,2783.0,3766.0,1181.0,17.86,2258.0,132.2,24.39,10.35,24.72,26.81,25.98,1.601,14.25,450.0,130.1,37.1,3367.0,1613.0,576.7,574.4,28.52,338.1,596.0,58.52,155.6,126.1,4845.0,47.87,399.7,5.913,7340.0,6535.0,802.0,1089.0,58.79,231.9,2602.0,7798.0,120.6,45.95,3.425,3564.0,996.1,73.18,7384.0,7319.0,17.45,20.57,2.676,351.7,2311.0,243.0,1119.0,442.1,28.53,44.66,246.5,1780.0,65.84,1685.0,91.77,1689.0,48.87,1418.0,190.3,3207.0,70.55,45.37,0.697,9.356,338.4,1471.0,2231.0,127.1,162.1,437.5,4759.0,1086.0,148.5,148.1,343.6,155.9,4.168,77.2,2152.0,27.32,3542.0,1221.0,69.53,1444.0,6.79,6267.0,1109.0,891.2,3590.0,102.9,3.302,293.2,111.3,119.2,39.37,42.42,3.147,3201.0,7.048,23.45,149.1,291.2,665.1,12.13,20.53,750.8,25.79,3531.0,31.74,1523.0,4124.0,2499.0,23.3,1580.0,899.2,532.9,30.88,93.11,1.751,5793.0,3128.0,8140.0,11.78,44.13,2943.0,310.2,71.48,257.9,10.99,88.45,2203.0,9.008,4577.0,623.0,284.3,3136.0,17.53,5.802,133.3,8871.0,35.25,2671.0,265.3,29.26,1279.0,8062.0,717.6,24.44,81.5,1996.0,254.4,364.0,16.79,106.3,4546.0,243.9,85.74,337.5,308.7,65.7,7052.0,1687.0,287.6,325.6,86.55,1133.0,30.29,271.4,0.56,9.582,574.5,139.2,81.43,2692.0,117.2,160.6,2781.0,8.078,4.817,5.771,818.7,5463.0,2957.0,1.341,69.3,15.19,436.9,2649.0,9.022,582.0,37.57,101.1,583.0,13.92,3.078,329.1,2152.0,235.5,1984.0,171.7,9662.0,0.633,6406.0,7999.0,2395.0,462.1,176.6,25.24,12.9,2690.0,1300.0,5825.0,1053.0,43.91,883.0,75.66,5.859,66.73,48.32,7419.0,90.8,221.9,123.4,31.49,155.2,4576.0,10.35,220.7,8146.0,79.35,3470.0,1363.0,19.11,651.7,2967.0,1325.0,23.52,6458.0,232.5,75.24,57.87,2.197,155.9,307.1,126.4,1405.0,609.8,199.1,609.0,83.59,10.92,20.67,14190.0,72.26,63.17,4332.0,3.88,32.66,1630.0,6409.0,148.1,9887.0,108.2,198.8,412.6,68.77,192.0,4.411,9.888,1143.0,3842.0,175.3,453.3,7.709,1496.0,6.61,614.3,379.1,151.6,37.27,281.1,26.17,37.49,159.0,466.0,2736.0,87.54,358.1,118.0,123.3,47.59,33.27,528.3,485.5,27.49,43.87,107.5,10.17,131.4,6.334,233.6,194.8,0.0,150.9,1914.0,70.76,2846.0,576.9,20.61,958.1,430.5,458.0,377.7,389.3,6.907,852.3,33.77,998.4,428.2,336.1,1793.0,10.33,105.0,65.91,831.6,521.0,1106.0,112.2,198.8,97.93,47.94,2.346,83.95,715.3,96.45,103.7,992.3,4.52,16.23,646.8,174.3,1697.0,13.2,76.77,32.13,17.48,416.6,25.03,3135.0,10.54,25.4,350.1,702.7,176.1,33.07,81.68,99.29,802.4,72.36,233.0,176.5,1008.0,982.6,3038.0,404.4,4207.0,10.01,155.0,16.43,228.8,131.5,372.0,1038.0,809.1,196.0,294.4,30.0,180.7,288.2,118.8,37.35,6.388,31.26,21.93,0.852,21.59,14.65,2173.0,648.0,1576.0,8.606,6016.0,1635.0,3.735,129.8,378.0,817.3,726.1,440.7,3.682,287.0,1490.0,231.7,273.0,59.49,0.797,37.25,322.7,24.8,51.47,188.8,11.75,1491.0,520.1,3714.0,297.3,1480.0,214.0,2175.0,37.63,10.06,754.0,177.9,3837.0,61.63,1195.0,1.146,1647.0,8.807,244.3,160.0,941.7,2307.0,42.89,1812.0,228.9,9.886,2817.0,34.31,2669.0,2277.0,148.4,68.96,1614.0,101.7,32.02,5280.0,2791.0,2004.0,3.858,143.0,976.6,3.261,316.5,836.7,1491.0,358.5,57.5,2.63,2.824,5.425,1250.0,177.6,1139.0,3.962,2336.0,1470.0,2308.0,5605.0,5.406,1079.0,908.4,2142.0,525.3,107.7,6.179,109.1,28.62,28.87,6.294,27.06,1015.0,2614.0,558.5,244.9,343.7,7.25,562.4,29.82,2632.0,1177.0,1452.0,1014.0,1333.0,2.33,644.9,405.1,6790.0,122.3,194.8,2.695,2678.0,1096.0,58.83,5424.0,73.61,10.77,9007.0,751.4,187.7,14.46,10.31,1.044,10.88,30.58,2.247,282.7,370.4,78.88,5132.0,607.3,21.48,0.425,54.09,7.584,43.12,109.5,176.6,76.43,7524.0,17.59,83.92,4504.0,1499.0,58.56,203.6,35.24,661.4,2190.0,584.9,10.67,1311.0,9132.0,5.646,57.17,310.7,304.8,203.6,9.105,1.741,3.255,2082.0,72.93,7469.0,43.66,1.417,52.18,771.2,37.44,6048.0,29.05,132.3,34.81,6.399,3.497,2894.0,4009.0,24.67,96.19,80.27,179.9
NAPSA,1116.0,29.3,36.19,1571.0,1897.0,76.63,89.26,2229.0,1463.0,2090.0,235.6,142.9,1895.0,2203.0,93.69,1932.0,2385.0,1823.0,496.3,83.15,52.17,80.79,2215.0,1238.0,45.24,2539.0,221.9,278.8,91.93,556.7,209.7,756.4,26.64,1268.0,2021.0,126.6,169.5,145.0,82.86,1513.0,573.3,721.8,209.9,20.67,230.6,87.59,950.2,2067.0,634.7,1206.0,2063.0,51.66,145.0,1848.0,1865.0,421.9,208.1,696.2,360.1,66.03,145.7,1051.0,2721.0,2424.0,2245.0,2278.0,1597.0,1538.0,185.3,196.5,1405.0,790.3,1456.0,947.6,255.9,75.29,117.5,1507.0,242.6,44.68,214.3,212.5,87.59,536.3,2408.0,1932.0,191.1,188.1,43.63,206.6,110.5,2025.0,109.0,233.6,108.8,1695.0,1765.0,1024.0,149.4,17.26,249.8,2195.0,20.62,1177.0,1269.0,184.7,2183.0,201.8,714.5,514.5,1263.0,1745.0,28.83,1222.0,1681.0,170.3,1450.0,706.8,461.4,1196.0,1215.0,374.5,2261.0,1953.0,44.31,1753.0,1215.0,32.01,1692.0,246.9,310.0,555.8,154.4,1716.0,54.51,1134.0,285.7,380.6,152.9,184.1,592.5,183.2,425.1,298.2,1696.0,623.2,83.92,195.3,1374.0,1982.0,1654.0,207.3,18.98,3270.0,288.1,144.9,2463.0,48.33,94.3,141.6,1984.0,2055.0,2191.0,1955.0,116.7,2323.0,61.53,1086.0,1371.0,1495.0,436.9,3608.0,111.6,1536.0,1553.0,1776.0,495.9,1941.0,92.51,808.0,2145.0,198.7,63.31,1707.0,1145.0,1664.0,19.61,106.9,2296.0,1202.0,1834.0,118.8,944.6,75.72,112.7,349.0,1487.0,636.9,725.0,123.1,51.68,1336.0,176.5,33.09,255.1,79.66,1435.0,589.9,1417.0,2093.0,48.79,890.4,1946.0,380.2,2462.0,2669.0,1227.0,1555.0,276.0,441.8,2905.0,155.2,2416.0,1995.0,1881.0,382.0,248.5,142.2,69.48,1258.0,195.2,2231.0,1134.0,52.73,626.3,1029.0,121.7,131.3,41.88,24.34,96.45,336.2,2361.0,128.1,420.3,178.6,22.43,117.1,163.3,44.74,147.6,709.5,962.5,103.3,304.4,391.7,75.22,7.828,70.95,521.0,39.51,852.3,1563.0,1890.0,234.2,149.7,40.45,33.53,588.8,85.76,75.14,1833.0,79.39,27.01,1399.0,542.8,23.05,1092.0,46.67,360.5,2196.0,225.2,236.8,125.1,41.03,1908.0,768.1,38.51,190.5,55.27,1354.0,30.16,33.41,275.1,244.4,1125.0,1506.0,89.27,101.1,234.1,55.15,786.4,106.5,93.82,2292.0,44.36,2511.0,1269.0,2928.0,0.642,19.49,184.5,400.2,1337.0,44.08,1310.0,159.3,67.18,39.57,58.23,37.12,1823.0,330.0,104.2,1575.0,126.9,68.62,2167.0,1842.0,1620.0,14.12,298.1,54.77,156.4,103.9,113.1,2543.0,814.3,1094.0,294.5,99.88,34.83,242.1,168.5,2774.0,1513.0,20.96,127.7,335.9,1182.0,168.8,479.6,218.9,29.61,72.88,905.9,1597.0,2027.0,233.6,65.23,2785.0,250.0,2277.0,437.8,166.1,63.46,170.0,72.39,82.24,489.0,2276.0,47.52,90.35,1992.0,1374.0,1994.0,703.8,585.6,217.2,105.3,666.5,90.22,123.8,258.4,1175.0,95.23,122.5,1616.0,540.0,778.5,586.7,2430.0,1533.0,1766.0,494.2,1204.0,1770.0,2234.0,354.4,2459.0,1368.0,1757.0,178.5,195.6,84.37,224.5,3004.0,1974.0,1146.0,1849.0,650.5,93.09,1014.0,2348.0,1402.0,85.86,1128.0,45.19,2404.0,1610.0,845.6,2382.0,576.5,1234.0,65.14,2407.0,1252.0,128.9,2326.0,152.9,1129.0,79.49,1328.0,722.7,32.86,2100.0,119.0,1436.0,1295.0,2141.0,70.69,2100.0,82.91,305.5,219.6,2218.0,141.3,1950.0,40.93,1769.0,839.5,858.8,81.51,876.1,269.3,199.4,1398.0,146.8,220.4,277.7,2197.0,2434.0,61.24,73.24,89.86,1801.0,1594.0,2207.0,2137.0,38.19,226.3,2397.0,1587.0,48.73,20.83,3034.0,1517.0,2223.0,254.2,275.6,267.5,350.3,2125.0,748.4,1633.0,1784.0,2395.0,2201.0,2341.0,1982.0,2415.0,2729.0,45.67,1615.0,1485.0,155.9,395.0,1304.0,280.9,625.9,1309.0,1014.0,1169.0,26.19,502.0,61.5,358.1,1732.0,258.7,292.0,207.7,738.2,169.9,2182.0,927.6,1960.0,91.23,204.2,1664.0,1656.0,2845.0,717.8,1870.0,1517.0,54.36,1812.0,1888.0,1824.0,866.8,2124.0,988.9,2033.0,2240.0,1595.0,2530.0,2134.0,84.18,2098.0,51.94,2920.0,10.6,1927.0,431.5,500.3,1621.0,142.0,2068.0,99.28,1613.0,83.1,1825.0,87.97,2396.0,652.2,305.2,1708.0,1892.0,2418.0,1671.0,2363.0,1012.0,1745.0,1420.0,699.1,1689.0,186.5,47.29,535.9,98.14,36.51,2112.0,1958.0,215.3,262.6,40.24,642.3,101.9,890.5
ABCA3,180.4,10.1,13.15,440.8,295.0,27.18,15.22,386.4,321.9,432.7,62.84,33.46,295.7,312.1,28.74,386.3,526.3,305.6,147.3,17.35,29.13,17.87,393.9,202.8,16.74,408.6,62.0,52.25,33.17,43.78,59.04,158.5,12.64,280.0,431.9,40.98,37.2,26.13,30.82,404.5,213.7,123.1,69.7,9.701,41.0,27.71,77.6,594.3,153.7,288.4,621.5,23.54,25.11,238.5,468.3,69.03,106.9,107.0,49.57,14.2,24.28,261.0,281.4,361.6,576.0,373.6,201.8,470.7,54.44,92.59,260.9,253.8,378.7,237.2,99.58,22.09,62.96,295.6,56.21,11.37,40.29,92.88,23.54,190.6,442.0,315.1,31.28,34.34,30.69,29.38,62.5,273.1,30.76,67.92,17.8,452.0,335.4,161.2,37.89,11.48,62.48,365.3,13.64,227.6,390.0,61.78,243.9,38.21,114.3,87.46,237.1,541.8,18.01,219.8,411.0,18.33,530.8,62.33,124.7,307.7,309.8,78.98,258.7,459.5,19.25,304.9,180.5,14.8,266.0,89.41,47.27,147.8,38.35,254.3,19.99,207.7,84.8,82.5,40.3,54.44,127.0,28.07,70.33,70.94,555.7,75.41,20.76,54.62,327.2,301.7,345.7,68.49,13.63,550.4,47.25,59.19,465.2,13.71,41.09,48.28,302.0,366.2,426.4,432.0,23.9,449.2,16.21,307.4,219.0,347.5,105.8,322.6,31.51,295.1,369.4,428.3,146.3,342.3,18.55,129.9,342.6,43.15,24.43,403.0,185.9,498.3,10.26,22.82,192.3,194.2,237.5,32.88,209.1,24.57,37.2,86.19,383.4,173.8,119.7,34.27,13.6,239.9,87.4,12.39,78.98,14.66,364.2,87.68,359.0,246.2,14.28,131.8,368.2,68.22,182.7,365.0,314.0,291.6,53.77,47.25,389.5,41.09,579.3,99.73,397.1,88.39,73.1,21.05,23.41,183.5,57.23,402.3,314.0,11.05,84.42,168.5,35.97,40.69,13.76,18.11,71.11,57.99,455.9,28.04,115.6,29.65,10.88,24.34,54.04,15.35,56.36,108.9,142.1,18.72,119.6,81.93,17.5,12.91,16.09,91.93,35.64,120.5,408.9,244.6,122.4,44.69,15.33,21.05,101.1,31.08,41.45,358.8,32.87,11.35,239.6,92.57,9.082,168.3,13.6,88.72,561.9,16.98,77.48,46.89,11.2,349.9,195.3,27.41,54.1,19.23,339.7,14.5,15.79,77.05,33.19,179.6,427.9,19.18,25.27,48.79,14.3,177.5,21.24,28.33,539.0,13.72,514.8,219.8,517.4,4.479,14.3,44.72,89.67,177.8,16.38,175.8,60.82,21.36,10.24,14.54,25.85,297.1,71.54,16.15,320.6,103.3,19.45,351.9,460.9,369.0,13.47,99.91,29.54,21.22,30.93,36.35,344.9,88.46,243.4,38.24,26.75,26.45,83.89,28.23,352.7,300.1,12.0,47.96,98.94,299.4,78.82,87.37,51.98,14.15,22.11,212.3,275.3,214.0,43.47,11.47,184.8,66.77,471.2,59.03,46.59,17.52,39.56,25.96,23.97,136.2,190.2,10.78,19.23,349.3,452.9,244.5,141.0,57.42,46.05,25.76,125.7,33.82,30.22,54.21,224.8,44.48,40.63,210.4,219.7,351.3,146.5,441.4,421.7,411.7,83.59,249.2,423.5,304.1,56.24,721.0,218.3,472.7,40.55,76.8,40.59,58.54,619.0,378.3,310.7,474.5,112.6,61.84,242.2,196.0,330.7,43.69,234.0,16.41,301.1,272.1,116.5,756.4,111.7,271.2,13.1,473.0,516.9,39.07,657.4,34.69,385.2,27.82,470.1,163.3,17.23,571.4,35.76,415.7,249.6,617.5,35.1,485.6,41.41,37.51,45.12,360.5,30.44,463.5,17.23,431.4,224.8,271.3,21.74,105.2,51.55,30.83,294.9,32.41,53.92,80.73,342.5,385.2,19.21,78.63,25.56,752.0,432.5,612.2,237.1,14.1,39.13,664.8,396.5,31.48,11.67,427.0,223.6,565.6,39.3,93.81,64.02,54.2,268.8,186.1,240.2,573.0,373.7,421.8,284.3,350.8,641.6,456.4,22.47,262.4,272.0,35.1,124.3,470.5,111.4,104.7,296.2,148.2,173.6,17.33,58.27,19.13,77.32,200.6,61.94,101.4,34.88,259.1,63.24,772.3,127.2,292.8,25.37,35.8,299.5,220.9,261.7,241.1,268.8,445.5,23.94,628.6,357.3,327.8,250.2,442.2,317.6,331.3,284.1,268.1,221.0,290.5,46.68,179.7,19.95,142.7,14.93,453.7,58.58,92.2,288.7,45.7,365.7,33.07,241.4,15.86,274.4,28.5,316.3,123.2,131.5,436.6,478.1,383.4,236.4,642.3,285.9,179.2,264.1,149.6,384.2,41.71,9.902,68.16,18.93,14.05,489.8,259.9,16.94,95.28,16.02,115.1,36.28,297.8
LAMP3,131.4,4.486,4.944,396.3,196.4,11.24,10.74,449.4,209.1,242.5,15.94,5.4,316.6,223.6,8.025,319.5,278.4,277.1,76.55,6.168,2.785,5.9,262.4,128.9,3.486,329.5,17.56,15.77,11.44,21.52,25.3,82.5,5.095,260.1,265.5,5.993,16.56,9.366,5.675,409.8,71.67,133.0,23.56,3.396,24.69,3.757,110.9,335.5,84.96,124.1,372.6,6.346,6.501,146.6,287.1,68.01,34.36,133.6,57.1,9.394,28.21,151.4,166.9,184.7,266.4,375.8,139.8,217.5,11.29,33.11,133.5,108.0,243.9,159.8,5.982,6.749,20.0,216.1,30.23,6.924,23.33,54.88,5.054,98.5,315.6,302.2,26.97,26.46,3.383,4.29,11.82,173.2,7.136,4.654,4.214,249.8,215.4,89.97,15.57,3.401,21.38,375.6,1.801,134.3,265.2,10.13,145.8,4.612,87.31,66.33,166.9,353.5,2.092,132.2,401.5,12.13,344.6,75.8,57.24,152.6,195.6,23.36,378.9,209.0,7.787,250.1,233.3,6.436,137.2,41.89,4.463,60.23,5.47,181.6,4.972,189.9,16.5,36.11,11.99,15.53,86.08,15.49,35.57,5.776,438.0,74.07,10.29,6.533,283.0,340.1,292.5,4.084,6.433,265.3,21.96,13.02,495.3,2.07,4.767,3.636,165.5,309.1,261.6,396.7,11.69,277.6,6.124,200.8,170.9,168.3,7.952,360.8,16.91,176.3,344.6,212.4,61.33,309.1,5.324,73.28,232.1,20.22,2.685,253.9,134.7,278.9,1.211,8.74,206.7,237.6,352.5,3.584,99.11,2.063,12.59,31.32,331.3,37.76,62.38,22.54,6.89,222.6,5.623,5.021,34.23,9.798,210.2,78.08,201.0,321.8,8.271,141.7,293.0,39.02,159.4,281.4,274.7,272.4,39.19,47.24,358.0,8.455,528.3,65.54,295.3,40.94,40.15,21.63,4.872,165.4,20.24,323.7,215.3,6.231,68.34,146.1,13.27,21.86,10.27,3.663,7.662,31.92,376.7,10.89,54.27,21.9,3.303,18.13,7.403,4.405,12.12,21.41,147.2,9.601,4.17,82.22,6.276,1.195,6.143,96.78,5.514,83.13,330.6,246.1,28.83,8.105,14.29,2.872,55.95,10.24,11.82,341.6,2.679,4.546,244.6,59.96,2.426,135.1,3.008,39.1,320.3,15.77,12.06,22.94,7.25,157.6,141.9,3.208,3.228,5.564,286.5,1.628,8.978,63.47,10.92,143.3,365.4,12.06,6.23,54.36,9.016,155.3,14.17,21.94,259.0,7.303,380.2,183.4,392.2,0.0,2.376,16.33,35.53,190.2,5.187,206.1,18.73,4.557,5.088,8.142,2.486,247.5,64.23,11.38,371.0,40.48,6.824,219.2,393.8,248.1,2.614,46.69,3.822,6.973,10.49,3.249,254.2,54.58,205.7,20.43,24.47,4.472,28.13,23.58,174.4,196.8,4.325,2.993,9.394,211.5,13.35,89.39,13.67,6.516,3.775,114.2,172.9,108.4,10.84,3.023,177.3,7.735,237.6,34.53,10.72,11.68,5.372,2.277,5.962,49.53,231.6,3.055,6.635,319.5,367.3,259.2,94.13,73.29,5.796,4.475,52.01,19.8,6.805,6.32,261.6,2.389,23.68,173.7,38.69,201.2,59.73,485.4,176.9,373.6,38.16,157.5,217.6,204.8,45.5,329.2,174.4,293.9,13.72,5.927,5.313,53.69,489.3,185.0,174.4,310.7,88.24,10.83,226.5,287.6,245.3,5.666,168.0,5.35,220.6,137.5,136.9,354.3,54.13,106.4,24.7,252.8,197.9,18.6,416.1,7.745,287.1,14.55,312.0,81.07,5.108,368.6,14.86,350.7,189.8,318.2,6.429,422.5,8.225,19.89,5.936,256.9,10.96,101.8,3.858,291.3,135.8,119.4,6.098,66.78,16.08,20.46,180.9,8.326,21.64,10.94,180.2,215.1,7.254,7.942,10.1,429.0,581.9,435.1,289.9,5.397,35.94,496.5,383.6,8.374,5.772,371.4,164.7,310.1,45.64,55.29,38.01,8.22,242.3,160.5,214.2,437.4,207.0,412.5,317.4,239.2,377.0,362.4,15.21,179.4,284.1,11.34,69.03,275.8,10.73,76.66,207.1,129.6,104.9,2.297,46.06,10.65,7.665,211.0,23.16,16.66,10.98,79.13,24.53,485.5,137.3,345.4,7.447,11.59,185.1,138.3,250.3,91.84,227.3,115.7,22.0,198.6,187.2,289.6,134.3,141.1,162.6,230.2,196.0,164.8,255.4,201.5,18.3,259.8,4.585,174.7,7.167,253.6,46.39,58.35,205.4,12.01,291.4,22.99,176.8,7.746,240.9,5.802,327.9,69.85,28.17,155.1,295.7,215.1,226.6,433.8,243.0,251.3,263.4,85.85,242.0,25.49,6.395,43.65,6.329,2.073,272.1,208.5,21.1,7.443,2.772,85.78,5.901,239.3
MUC1,235.0,33.04,71.05,316.9,286.9,64.42,39.01,382.9,228.4,601.6,82.73,62.94,345.1,364.1,23.48,473.7,591.3,373.4,200.5,12.56,13.48,31.76,463.2,353.1,18.04,561.7,81.17,254.6,26.64,76.98,54.22,238.5,38.44,267.1,595.4,56.52,50.76,90.21,59.0,265.2,184.1,232.1,205.8,30.08,55.75,59.38,239.0,440.8,146.9,318.9,431.7,39.35,67.54,534.6,228.8,126.0,49.18,181.0,108.5,34.49,39.76,235.8,516.8,492.8,428.3,272.1,285.0,308.1,96.64,86.03,301.8,178.7,410.1,309.5,93.77,28.45,65.4,310.3,92.08,23.38,32.95,49.68,51.41,167.4,424.5,453.5,49.84,40.62,14.67,34.22,50.7,384.8,87.75,98.87,24.0,378.2,362.3,337.8,74.28,15.39,67.52,390.5,5.531,206.1,321.8,123.6,319.0,107.8,175.6,156.9,179.1,172.2,61.65,255.4,435.1,26.99,455.9,148.2,165.7,298.5,434.5,163.0,504.4,358.0,11.97,227.6,329.0,70.29,422.2,117.0,32.4,248.6,53.39,412.8,23.95,227.4,94.11,159.2,60.78,120.2,142.4,125.4,114.2,108.4,354.7,88.63,136.4,60.86,399.2,578.9,311.6,157.1,97.37,547.2,68.73,108.3,599.0,15.75,17.59,33.63,469.9,510.7,391.5,295.3,103.9,283.1,24.23,424.3,419.4,154.9,164.8,420.9,34.12,288.9,412.7,445.6,58.91,304.2,38.61,181.3,481.9,116.4,41.22,343.6,226.6,448.5,7.101,39.85,351.8,342.1,362.2,86.73,180.0,28.32,98.79,119.1,313.1,130.5,146.8,59.94,24.12,188.4,89.73,49.53,106.0,64.16,597.5,238.2,347.0,351.7,109.0,169.3,338.7,115.9,319.0,644.3,529.5,541.4,163.1,106.4,411.4,84.02,561.8,263.4,544.2,71.7,107.8,28.69,19.03,194.7,107.2,402.7,277.8,37.55,144.2,220.3,19.89,104.5,32.6,10.27,67.28,96.99,408.3,56.89,154.0,40.62,50.19,21.1,76.95,12.45,28.34,154.6,256.8,48.83,82.61,87.67,20.9,4.982,8.155,198.2,11.76,79.86,524.0,299.0,106.0,46.56,142.3,10.54,305.4,71.22,40.07,384.8,59.04,11.28,301.9,112.5,21.04,234.7,11.61,94.17,432.3,85.63,165.4,53.94,16.61,431.8,143.1,13.95,64.55,44.7,302.4,20.62,32.91,80.89,58.2,317.2,370.8,33.25,25.68,101.5,38.3,189.8,51.45,31.61,289.0,35.02,484.2,207.3,513.1,3.938,14.89,83.0,124.4,278.1,27.1,130.3,58.89,20.24,65.23,25.97,35.26,482.7,159.2,49.84,261.8,45.97,88.84,418.7,427.1,255.2,20.19,98.16,37.53,46.58,36.35,50.82,636.5,99.3,128.3,78.09,73.47,28.64,114.2,126.9,512.7,293.5,37.74,68.74,156.4,202.5,53.73,87.09,82.72,14.33,44.84,271.5,472.0,522.1,125.0,19.96,479.0,86.14,339.9,84.86,52.51,14.47,43.22,9.904,76.14,161.3,524.2,27.77,91.38,436.0,404.1,241.5,262.6,100.1,98.21,73.57,159.1,39.17,34.74,27.48,466.5,45.05,35.56,284.6,149.1,264.5,163.2,353.4,276.0,238.7,123.3,234.0,398.7,511.5,97.69,649.0,267.5,377.6,44.83,71.12,55.53,115.6,530.7,465.2,308.7,373.3,171.7,34.9,167.8,442.8,297.3,77.4,472.8,56.92,398.9,319.2,121.6,442.9,127.2,411.1,30.38,594.1,298.4,45.84,653.3,97.26,287.9,49.56,218.7,253.8,24.82,355.5,32.91,350.9,304.7,469.7,39.41,319.7,64.59,53.91,63.97,338.1,69.07,269.4,11.96,393.5,141.2,251.3,33.84,261.2,49.72,252.8,267.5,61.71,158.2,72.84,399.3,540.0,32.37,76.74,31.28,455.6,405.2,444.8,329.3,11.8,74.89,459.8,455.6,29.08,63.28,477.1,400.5,493.5,46.45,153.3,71.52,89.27,225.9,59.95,309.6,364.6,522.5,447.5,456.1,368.2,412.2,287.1,26.14,475.7,324.3,52.66,240.1,281.7,137.0,144.8,320.3,161.4,166.2,10.02,203.1,35.18,94.86,343.0,101.2,334.9,34.21,259.3,106.9,593.3,274.9,276.4,42.92,81.43,333.2,445.7,502.2,187.3,243.2,631.3,29.39,456.6,430.6,374.9,155.0,325.4,219.3,425.8,517.1,303.1,374.2,464.1,109.0,470.9,19.14,359.5,23.06,408.8,119.2,92.34,192.7,33.45,298.1,34.72,479.0,144.7,257.9,22.08,349.9,125.8,120.3,273.5,353.8,413.3,246.7,716.0,218.6,411.3,222.1,160.3,306.1,116.3,45.83,63.24,64.79,12.53,472.1,383.4,111.3,211.1,21.94,108.0,68.24,283.2
AGER,364.9,1289.0,825.6,1778.0,2205.0,464.6,301.1,2072.0,1704.0,320.6,474.2,1757.0,940.8,2066.0,801.2,631.6,1113.0,1831.0,1495.0,2196.0,731.5,1962.0,1839.0,495.3,2040.0,1121.0,942.2,1144.0,585.8,935.9,1299.0,1170.0,873.3,2161.0,1145.0,546.1,1048.0,462.6,2152.0,1672.0,692.9,2675.0,557.3,1000.0,1751.0,1071.0,677.9,638.7,68.38,684.6,1488.0,1196.0,3092.0,1131.0,1340.0,1103.0,439.6,1249.0,949.2,454.1,3092.0,1146.0,1187.0,394.0,1324.0,1084.0,599.8,655.3,1570.0,1933.0,464.1,265.8,345.8,399.7,1018.0,3927.0,362.6,1299.0,1431.0,759.1,3521.0,715.9,300.7,176.7,2317.0,1187.0,1891.0,224.6,3412.0,1578.0,640.7,1597.0,853.5,526.9,987.0,2025.0,902.1,432.2,338.7,636.5,1003.0,2699.0,1230.0,367.3,1045.0,539.9,1860.0,2361.0,1085.0,46.34,2141.0,957.7,137.9,789.3,1753.0,1384.0,895.8,1109.0,939.2,469.9,240.7,1869.0,867.8,793.9,1289.0,1297.0,1116.0,1334.0,1084.0,573.2,1208.0,791.8,1510.0,1543.0,1584.0,430.4,731.3,704.9,530.0,1096.0,942.0,3216.0,1596.0,2815.0,1045.0,1549.0,512.2,1997.0,2907.0,2256.0,1558.0,1472.0,420.0,760.5,1480.0,1530.0,1011.0,819.3,975.7,2733.0,664.3,1065.0,1476.0,2227.0,981.2,1599.0,167.3,465.3,322.8,2300.0,1903.0,1658.0,1519.0,755.6,588.5,336.7,1195.0,443.9,844.5,520.4,1484.0,142.8,618.9,991.0,258.7,364.8,1429.0,460.9,830.7,2773.0,928.1,1703.0,543.5,1691.0,273.1,2387.0,1652.0,1635.0,1189.0,531.7,113.8,2565.0,1179.0,1505.0,325.9,353.2,159.4,1549.0,507.1,1110.0,1377.0,2521.0,1049.0,195.0,627.0,1133.0,1555.0,1639.0,946.7,2921.0,897.5,1334.0,2188.0,414.3,1277.0,225.8,1768.0,2726.0,3343.0,1207.0,1124.0,1471.0,1671.0,482.0,1409.0,1150.0,2512.0,1258.0,480.2,374.0,885.5,1361.0,1508.0,221.3,2145.0,452.3,594.0,952.8,484.9,1618.0,1915.0,1149.0,523.9,1453.0,2035.0,2169.0,1353.0,154.2,1612.0,291.0,762.2,1678.0,762.4,1207.0,2155.0,1650.0,649.9,534.7,364.8,876.0,1696.0,766.4,1178.0,277.9,1834.0,881.7,1139.0,395.2,909.1,981.4,882.4,46.73,449.4,1472.0,1372.0,536.8,522.3,3324.0,933.1,244.1,1169.0,1582.0,2374.0,2539.0,286.0,546.8,1382.0,1200.0,2434.0,378.6,494.0,450.3,427.8,146.5,1304.0,392.8,1098.0,2130.0,726.3,5.549,101.9,2174.0,194.1,2223.0,1704.0,1706.0,354.1,1109.0,428.8,2370.0,132.7,1223.0,255.4,686.3,1264.0,104.3,1691.0,1917.0,2095.0,802.9,87.98,324.0,1015.0,1934.0,274.4,2400.0,898.6,573.1,1257.0,1880.0,778.9,903.2,932.6,1139.0,678.7,1245.0,1340.0,206.2,1862.0,1574.0,1760.0,1063.0,231.6,134.2,854.1,1080.0,1207.0,1041.0,2134.0,1069.0,1624.0,919.9,1537.0,939.2,1327.0,773.9,1072.0,898.5,120.6,961.2,1641.0,1056.0,1945.0,1987.0,2379.0,529.0,311.5,1021.0,2679.0,2043.0,2122.0,260.1,2038.0,1311.0,1501.0,2145.0,690.7,422.8,646.8,253.3,220.4,3405.0,866.0,2227.0,697.1,1146.0,1527.0,1552.0,1834.0,1103.0,1166.0,1548.0,2100.0,948.6,852.9,347.4,1297.0,1819.0,402.5,1930.0,977.8,380.3,742.6,754.5,1353.0,524.6,283.1,2074.0,876.2,722.4,1829.0,559.8,363.8,2290.0,128.8,778.4,250.5,2906.0,686.5,625.6,2071.0,535.3,1547.0,71.89,847.6,1628.0,480.5,719.4,969.7,774.3,309.9,1478.0,681.7,2341.0,1536.0,1628.0,1233.0,1088.0,761.9,1240.0,2515.0,435.2,245.2,266.5,715.6,765.5,835.6,361.8,2018.0,902.0,1196.0,692.6,1638.0,2874.0,2057.0,685.6,575.9,1579.0,1410.0,532.5,757.7,784.5,685.9,1370.0,566.5,870.8,638.7,1941.0,902.8,651.9,258.8,2827.0,1587.0,1547.0,692.2,966.0,539.2,1086.0,1082.0,902.3,1044.0,1544.0,1095.0,1207.0,2133.0,1232.0,476.3,703.6,553.1,2470.0,387.5,2400.0,1515.0,202.3,262.2,744.6,1652.0,1092.0,817.5,830.8,3225.0,529.8,1806.0,929.9,1038.0,846.8,1077.0,1785.0,919.4,701.9,2703.0,464.3,1080.0,691.7,274.5,398.0,894.6,1259.0,2561.0,845.7,564.0,429.7,730.7,779.8,1630.0,1585.0,1113.0,1417.0,1627.0,1658.0,753.7,1799.0,271.5,1357.0,2064.0,1662.0,2384.0,978.5,904.0,2071.0,970.9,418.7,1669.0,1145.0,1037.0,1036.0,1275.0,1603.0,1187.0,540.8,910.9,984.9,1812.0,282.9,2447.0,197.4,804.3,3114.0,2207.0,1547.0,217.8,295.6,2697.0,1328.0,330.9,676.1,1698.0,835.8
CLDN18,41.8,137.4,65.14,359.5,275.2,45.62,25.0,528.7,347.1,51.53,82.43,268.8,204.1,315.9,66.78,83.5,238.4,333.5,156.2,62.58,55.17,113.7,324.8,126.3,208.1,190.5,100.3,76.5,43.8,27.99,105.5,232.3,84.87,400.4,117.9,45.49,182.1,77.26,223.5,419.7,148.4,465.8,108.2,56.97,109.1,55.41,160.5,86.99,59.63,81.34,839.9,156.6,415.2,103.7,151.7,76.9,39.26,258.9,74.75,61.71,275.8,128.8,180.1,45.56,157.8,630.9,203.1,91.25,174.5,207.5,28.45,17.84,48.9,23.34,200.7,356.7,31.13,201.8,137.2,147.2,283.3,102.2,39.25,59.69,390.7,258.7,185.7,39.15,373.9,209.1,118.1,254.6,75.2,57.65,37.83,239.1,249.5,100.2,9.338,48.35,129.5,422.8,53.91,125.9,432.8,68.75,157.9,313.1,124.0,9.916,303.9,82.82,3.298,144.2,215.2,105.8,138.8,103.6,183.7,60.9,33.19,171.8,215.6,61.7,112.1,151.0,143.4,185.6,268.3,56.59,64.78,36.66,259.1,98.93,140.3,55.64,77.62,162.2,104.1,95.63,141.5,354.6,81.12,286.4,132.2,132.4,89.49,158.9,601.2,507.4,305.4,248.3,31.6,149.4,77.28,172.9,186.9,50.97,66.47,372.7,216.7,215.9,231.4,321.7,150.3,250.3,11.25,37.14,71.3,217.4,207.0,140.2,140.7,54.71,101.9,26.26,160.8,71.01,186.6,125.0,560.1,20.88,90.89,57.0,28.87,126.3,85.81,76.26,182.3,830.6,201.4,93.75,100.6,109.2,51.43,430.8,200.9,105.1,139.8,29.97,9.683,430.9,101.2,76.07,46.05,36.82,26.11,190.5,42.12,145.8,172.1,139.5,177.0,51.93,46.97,176.3,295.0,588.8,134.5,235.0,125.7,217.2,508.0,59.38,189.5,45.0,259.9,212.8,282.3,227.6,88.79,320.9,231.1,85.54,203.0,198.4,162.2,120.5,43.57,19.35,79.78,176.6,429.5,33.27,257.6,45.21,75.31,75.78,72.5,201.4,222.1,303.1,231.9,82.88,301.9,483.9,208.6,14.1,131.2,113.5,39.39,278.5,501.5,395.3,308.1,322.2,81.99,90.85,13.76,101.6,176.0,195.3,188.8,23.73,264.2,159.8,52.84,126.2,40.91,178.6,170.0,5.146,65.51,408.0,205.4,83.46,115.0,178.3,47.55,17.5,330.3,171.1,306.2,180.5,49.92,122.2,382.3,131.2,256.1,41.9,23.58,36.47,72.45,28.85,153.5,38.49,267.0,176.5,383.6,0.512,9.153,172.0,9.349,451.1,213.4,188.6,35.54,66.35,47.72,282.1,9.779,460.9,17.42,52.13,345.4,20.57,133.2,322.8,540.8,348.3,7.855,24.72,99.87,316.3,22.53,341.5,130.3,30.37,203.9,200.0,70.92,127.3,153.5,172.7,85.99,154.8,153.7,25.01,337.1,103.7,284.0,126.7,51.61,13.61,36.02,306.0,209.0,333.0,293.5,155.2,393.7,80.67,193.4,32.84,206.2,63.26,96.16,117.1,16.79,134.8,443.2,65.35,287.1,349.4,439.7,215.3,7.035,215.4,432.3,417.3,306.8,49.78,196.4,114.4,817.6,180.6,134.0,87.86,92.95,25.77,28.46,723.7,172.3,370.5,123.3,163.0,274.7,502.4,184.7,204.4,609.3,482.5,141.4,173.4,99.7,65.87,497.9,402.6,19.26,429.9,127.1,27.05,142.6,385.2,133.3,120.6,88.43,205.3,258.0,47.75,253.4,260.6,96.77,299.6,34.23,88.53,21.42,230.1,156.2,78.96,199.0,83.32,379.6,9.8,88.17,284.2,28.29,214.4,281.1,76.15,49.07,250.3,52.44,181.5,136.2,169.1,102.1,53.86,72.77,272.4,328.0,62.6,15.26,103.6,45.9,185.1,90.28,30.09,188.3,216.2,104.7,212.6,86.27,293.6,146.3,97.6,233.0,270.4,573.6,38.85,95.76,167.4,78.59,98.68,67.81,174.2,172.9,303.9,96.0,82.44,25.36,366.4,300.1,218.3,310.5,323.3,76.94,272.6,388.9,239.8,107.8,268.7,90.88,442.4,399.3,99.49,67.8,117.8,68.22,281.4,68.18,278.5,239.4,25.16,83.52,82.56,101.4,287.3,116.1,139.5,460.4,96.52,275.6,131.1,223.5,327.3,105.6,90.58,413.0,200.6,738.9,17.32,76.79,59.43,37.71,47.2,104.0,196.1,250.2,142.9,30.09,261.9,14.7,210.2,334.4,307.8,124.0,419.9,141.6,446.3,94.45,425.6,53.57,123.9,304.9,128.8,432.1,171.7,387.7,324.1,228.4,43.84,355.3,218.0,83.57,93.21,224.4,170.3,268.7,188.7,148.3,350.6,240.3,20.51,222.0,46.84,68.63,378.8,81.62,248.9,95.06,248.5,275.7,207.6,51.65,110.8,200.5,100.6
SCGB3A1,263.6,2789.0,1816.0,428.4,165.0,1350.0,63.03,14.37,565.1,282.5,11.08,19.54,1083.0,121.0,368.6,1022.0,55.77,3885.0,173.6,299.8,296.7,21.23,439.3,1850.0,37.66,115.7,133.5,4944.0,31.04,144.1,11.22,7659.0,358.0,833.4,422.0,142.0,182.4,1562.0,2637.0,149.5,263.6,445.6,2462.0,511.4,76.05,4097.0,4789.0,228.6,126.3,151.9,110.1,745.4,115.1,988.1,304.1,582.9,66.29,999.8,4023.0,24.99,2008.0,202.1,496.5,74.56,370.1,160.2,3203.0,39.93,48.95,61.06,102.6,505.1,1038.0,1678.0,266.5,21.82,365.9,1028.0,3716.0,28.27,127.7,74.85,934.6,27.11,188.8,1775.0,39.05,3750.0,774.9,56.56,600.9,251.9,4945.0,277.6,201.2,1207.0,92.69,447.4,1044.0,74.61,184.7,212.8,9.97,1331.0,1226.0,7.272,69.67,368.7,275.1,1595.0,449.0,48.57,1021.0,1057.0,933.5,12.03,322.6,1995.0,669.8,25.56,1038.0,449.2,3151.0,50.91,45.83,98.07,15420.0,2941.0,6469.0,44.84,6.572,1057.0,247.8,27.0,85.55,356.2,196.2,4615.0,7.55,2113.0,859.8,373.2,1870.0,18.43,25.69,58.95,17120.0,23.35,1593.0,888.5,266.0,264.9,5194.0,588.6,190.0,39.36,3373.0,108.9,164.3,8.491,44.37,2912.0,875.2,101.2,135.8,457.4,29.94,2297.0,1793.0,57.97,606.9,99.72,323.3,260.7,200.6,34.98,14.61,136.4,17.08,63.48,2084.0,202.9,253.7,658.3,963.2,132.3,5.7,490.9,8591.0,1024.0,222.9,68.98,248.7,60.14,1760.0,68.58,517.3,110.2,396.2,595.8,5.582,62.59,205.4,1542.0,687.6,978.3,126.8,4952.0,45.84,5542.0,4870.0,894.5,336.1,438.6,16.38,59.59,494.6,1092.0,2962.0,221.4,521.4,323.6,140.6,54.77,343.9,27.55,5672.0,19.1,182.5,527.7,110.9,179.5,2459.0,4.144,217.3,1114.0,12.9,2746.0,657.5,15.6,436.8,1005.0,669.8,56.15,3364.0,459.6,38.9,167.2,14.81,81.32,185.8,230.5,807.7,110.1,103.6,332.2,80.94,10.43,16.73,6644.0,44.97,127.0,2647.0,442.5,50.29,1643.0,1388.0,62.86,4671.0,84.2,95.62,361.1,108.3,636.9,605.2,24.89,806.7,8015.0,75.47,1138.0,44.08,1236.0,18.42,502.9,124.8,114.4,57.72,82.36,35.85,53.71,520.6,307.7,734.7,82.57,235.9,39.92,106.3,91.6,78.33,385.4,272.3,156.5,88.59,140.1,43.63,140.9,137.2,61.63,302.7,1.185,72.71,887.9,38.0,1953.0,155.5,73.82,941.6,132.7,471.5,268.0,389.9,413.2,4517.0,34.49,999.9,957.6,342.8,361.5,30.59,224.0,36.66,442.5,353.9,168.2,136.9,125.3,231.6,194.0,17.96,120.9,1131.0,27.23,106.0,987.9,141.0,92.24,458.7,80.98,1327.0,49.07,75.48,55.13,30.24,219.3,25.33,2171.0,150.1,99.4,434.6,219.5,475.3,19.77,146.3,334.9,275.6,16.16,223.7,78.18,829.7,763.4,2146.0,66.02,2658.0,70.01,136.6,103.0,456.3,394.5,93.78,772.2,1676.0,143.4,136.0,13.71,112.6,28.11,67.06,26.6,36.71,19.37,35.47,115.0,77.08,37.51,1448.0,173.6,571.9,63.02,3815.0,549.6,17.29,71.6,127.4,334.4,361.0,1080.0,289.1,465.5,265.6,354.6,804.7,75.13,17.62,214.3,90.95,8.824,93.62,52.72,55.29,674.8,210.7,959.1,314.7,422.9,471.2,1855.0,126.5,11.96,429.2,548.5,382.4,41.73,455.5,193.3,1096.0,116.3,91.3,19.36,884.3,872.3,25.0,276.0,145.8,18.44,1419.0,39.89,1416.0,278.6,149.4,16.93,52.01,51.12,4.481,739.2,4658.0,1442.0,328.4,220.8,983.5,70.36,327.4,637.5,860.0,124.6,42.03,34.26,19.24,49.58,829.4,32.99,713.0,53.56,1446.0,837.4,899.8,976.6,262.6,546.1,296.1,1369.0,256.8,44.77,66.31,70.7,19.7,188.9,19.08,37.63,603.5,2086.0,708.4,190.3,222.1,99.46,638.7,34.93,1215.0,771.7,626.3,399.9,638.2,105.3,865.8,234.4,1334.0,35.65,202.1,73.34,2726.0,398.5,26.2,1567.0,72.47,140.1,7487.0,159.4,40.67,40.93,9.818,4.76,425.6,83.89,1189.0,1081.0,429.1,84.85,6049.0,627.3,80.13,67.02,140.2,1219.0,33.77,156.3,182.7,292.3,3303.0,100.3,114.8,3565.0,549.9,92.24,117.0,155.3,472.1,904.3,238.8,8.182,450.7,9736.0,117.4,16.32,110.2,91.99,244.0,10.22,31.66,527.5,2830.0,658.9,2942.0,228.7,67.11,71.19,362.4,79.36,3031.0,28.45,124.9,9.593,185.7,380.1,824.2,4907.0,13.81,562.1,100.8,243.5
GAPDH,1250.0,574.1,937.7,596.0,763.0,1231.0,605.1,586.9,708.4,1481.0,1145.0,554.5,593.2,767.0,881.8,684.6,1033.0,483.7,642.7,1331.0,1166.0,1035.0,422.5,1183.0,777.7,1662.0,1410.0,1248.0,631.5,1585.0,809.5,855.3,623.3,666.0,1375.0,1031.0,917.4,861.1,1110.0,872.1,1560.0,525.8,952.7,644.1,1381.0,1249.0,802.9,913.2,643.2,1302.0,776.4,672.8,620.3,428.9,1036.0,744.8,746.8,438.5,730.3,713.5,694.8,1649.0,1203.0,682.4,927.2,693.4,395.9,1503.0,840.0,825.9,1484.0,2304.0,1810.0,2543.0,899.0,916.7,847.0,633.3,725.7,781.3,1011.0,805.3,1226.0,604.8,1021.0,459.3,942.4,732.5,506.9,812.8,950.4,527.7,1110.0,1381.0,755.0,883.4,622.3,871.9,2498.0,651.2,1488.0,928.4,776.3,458.7,583.9,1180.0,885.9,1068.0,533.5,2202.0,753.9,853.5,2484.0,532.9,712.6,739.7,886.4,1286.0,803.4,2606.0,1772.0,1001.0,883.2,1255.0,735.2,974.2,632.2,645.0,552.4,1144.0,1348.0,1261.0,628.3,857.9,1018.0,883.8,1097.0,831.9,702.8,1094.0,1020.0,625.5,527.3,875.6,1379.0,947.7,1732.0,759.4,771.6,720.5,504.8,1032.0,613.6,894.5,657.8,872.1,552.9,658.4,1064.0,653.2,1018.0,866.7,654.2,804.4,1228.0,806.0,2553.0,1806.0,459.9,852.2,987.9,1761.0,554.5,1047.0,1095.0,2040.0,883.3,1063.0,638.4,1279.0,716.6,1357.0,846.7,1592.0,532.6,845.7,807.1,892.1,914.1,535.0,627.8,953.0,1125.0,840.4,942.2,742.9,719.5,1368.0,639.2,447.7,1448.0,530.4,1058.0,703.9,600.4,581.9,2197.0,656.1,1954.0,657.3,756.7,670.0,1247.0,1032.0,1326.0,479.7,1245.0,495.5,934.8,861.5,1261.0,705.5,549.9,845.3,1005.0,673.7,560.6,677.4,735.3,878.9,547.3,991.6,975.9,678.1,618.0,612.2,854.9,459.2,687.6,1018.0,1010.0,1390.0,874.8,1636.0,800.9,1024.0,669.6,964.9,945.2,889.3,825.4,1453.0,458.4,610.5,621.5,677.0,629.3,581.4,967.1,745.7,734.1,603.2,512.8,683.4,1192.0,870.3,506.4,1343.0,1394.0,616.0,1033.0,659.7,799.5,878.1,461.0,1053.0,721.3,996.3,631.2,927.1,631.9,1026.0,1166.0,599.0,322.8,861.8,734.3,867.8,975.6,2175.0,647.5,741.7,501.6,1120.0,867.2,1511.0,652.8,860.3,1012.0,593.2,1268.0,766.6,664.3,1041.0,1372.0,824.2,998.2,619.2,754.6,1577.0,1826.0,1026.0,2069.0,628.2,669.2,679.4,691.1,604.4,426.3,716.2,2225.0,588.6,924.9,858.0,976.5,1840.0,608.2,819.1,774.1,854.4,2315.0,1659.0,738.9,573.6,1476.0,737.3,902.5,1011.0,1185.0,709.0,606.1,516.5,691.6,769.8,1262.0,782.7,754.6,1679.0,1263.0,857.4,681.1,478.5,1150.0,679.3,708.9,519.7,1104.0,730.0,748.5,936.4,463.4,2066.0,925.7,440.3,715.4,1223.0,896.1,874.2,2262.0,875.6,688.8,920.8,818.4,1744.0,875.0,1009.0,1871.0,1027.0,789.5,866.9,903.2,942.8,908.0,1307.0,484.8,769.6,1401.0,633.8,954.0,1583.0,1310.0,550.8,1049.0,1014.0,840.6,732.0,1234.0,551.5,529.6,1350.0,556.7,784.8,712.2,855.8,999.4,821.9,789.9,721.6,1577.0,699.6,465.3,2625.0,558.9,861.5,1421.0,1184.0,993.0,540.1,638.8,1212.0,661.6,826.9,730.5,948.0,878.9,1449.0,1516.0,747.0,1335.0,1111.0,1307.0,818.2,666.1,1152.0,950.5,787.9,1434.0,912.2,402.9,1427.0,869.4,739.3,590.5,782.1,933.2,974.5,678.1,1248.0,880.0,848.6,840.6,1210.0,1695.0,578.6,1906.0,747.7,592.7,719.2,477.9,1440.0,1439.0,492.2,810.3,959.9,786.1,1374.0,1398.0,914.8,541.8,465.2,557.6,1030.0,984.1,1046.0,1127.0,1445.0,414.6,706.0,1013.0,1959.0,936.3,746.7,985.9,1185.0,804.0,846.1,1106.0,599.1,833.1,908.3,1016.0,837.3,613.8,520.1,714.5,795.5,739.0,1046.0,1999.0,683.4,1846.0,720.2,579.2,1240.0,551.7,678.8,1506.0,510.7,1381.0,1324.0,915.0,924.9,680.7,1075.0,559.6,682.8,551.1,627.1,905.6,1044.0,590.1,2262.0,1036.0,862.2,705.5,1398.0,818.8,950.2,731.1,993.8,882.1,532.9,1564.0,679.4,550.4,589.3,836.1,824.7,748.7,539.2,1056.0,806.8,1025.0,628.3,929.0,666.5,593.9,675.9,549.1,681.1,865.2,793.8,808.2,782.0,1160.0,1257.0,596.4,1040.0,541.4,1556.0,713.2,521.2,665.0,2069.0,1304.0,705.7,686.0,986.6,860.6,879.1,1239.0,655.9,642.2,1138.0,912.8,1022.0,666.0,1031.0
ACTB,6424.0,4667.0,11220.0,4283.0,4830.0,3294.0,3923.0,4053.0,5151.0,6055.0,4207.0,4559.0,3687.0,5313.0,8839.0,2643.0,6310.0,6039.0,5111.0,3655.0,9372.0,4843.0,4377.0,5633.0,5056.0,8017.0,4583.0,3260.0,2527.0,3893.0,6546.0,4204.0,4111.0,4804.0,7951.0,5936.0,5949.0,4425.0,4611.0,5869.0,9896.0,3330.0,9361.0,5316.0,6341.0,5949.0,3908.0,5324.0,2534.0,5839.0,5292.0,3730.0,5247.0,3883.0,4770.0,3580.0,3347.0,3253.0,4588.0,2775.0,5847.0,10590.0,7807.0,3289.0,5211.0,3613.0,2312.0,7302.0,6575.0,4208.0,7574.0,6865.0,9799.0,8398.0,4191.0,4537.0,8470.0,3967.0,4119.0,7235.0,8803.0,6854.0,5549.0,2694.0,4223.0,3222.0,5517.0,2145.0,1325.0,4277.0,6648.0,3374.0,4325.0,5264.0,6407.0,5385.0,3269.0,3351.0,11280.0,6735.0,5297.0,5840.0,7230.0,2236.0,4025.0,8517.0,6887.0,5370.0,2563.0,7146.0,3418.0,5225.0,11110.0,4158.0,5060.0,4245.0,3851.0,7022.0,3308.0,7936.0,5424.0,3431.0,4878.0,7113.0,4011.0,5292.0,5221.0,3394.0,3847.0,6955.0,7232.0,9234.0,3088.0,3591.0,5532.0,3461.0,7638.0,6527.0,2226.0,5702.0,5324.0,3986.0,5527.0,5304.0,7439.0,7190.0,3769.0,5519.0,4431.0,4392.0,3922.0,3441.0,4515.0,6152.0,6087.0,6486.0,4230.0,6703.0,3024.0,3398.0,3899.0,6243.0,5211.0,4953.0,3827.0,4865.0,7111.0,7516.0,3080.0,6841.0,6107.0,7462.0,5273.0,5980.0,6984.0,9262.0,3800.0,5937.0,3829.0,4817.0,4314.0,6082.0,2560.0,6009.0,2685.0,5743.0,4853.0,3795.0,2561.0,4359.0,3668.0,7051.0,5544.0,4666.0,4928.0,5177.0,4767.0,4545.0,4669.0,3036.0,5752.0,6894.0,8089.0,6814.0,4286.0,3875.0,9723.0,4472.0,8197.0,3830.0,6984.0,4859.0,4764.0,3265.0,6472.0,2844.0,5851.0,4242.0,5007.0,8421.0,5207.0,4356.0,3051.0,4010.0,5696.0,4310.0,4832.0,5269.0,3752.0,4969.0,4462.0,6150.0,6102.0,3897.0,4728.0,3525.0,7042.0,2406.0,3776.0,9927.0,7514.0,8814.0,5649.0,5288.0,4027.0,6884.0,6655.0,3984.0,5555.0,7145.0,5095.0,4727.0,3225.0,4239.0,2704.0,5114.0,3455.0,3691.0,4391.0,4313.0,6289.0,2847.0,2900.0,3651.0,6894.0,3917.0,2734.0,4503.0,4931.0,5846.0,6477.0,4515.0,7019.0,6063.0,1961.0,3760.0,3833.0,4276.0,6487.0,3791.0,2906.0,3923.0,4698.0,1929.0,2309.0,3617.0,3783.0,4103.0,4637.0,7760.0,3093.0,5451.0,3462.0,5179.0,4164.0,6132.0,3194.0,7241.0,4091.0,2073.0,4898.0,3270.0,4918.0,3667.0,7233.0,5656.0,4056.0,4039.0,3725.0,1491.0,3686.0,4173.0,6588.0,5169.0,6842.0,4216.0,5888.0,4030.0,3868.0,5434.0,8270.0,2911.0,3161.0,5712.0,3490.0,5614.0,4767.0,5224.0,4455.0,5281.0,9401.0,9958.0,3466.0,3388.0,4080.0,4366.0,3640.0,3767.0,5976.0,3187.0,5320.0,3792.0,4903.0,4230.0,4839.0,3868.0,7018.0,8700.0,8334.0,6062.0,4391.0,2500.0,4815.0,2884.0,4688.0,3089.0,6280.0,3959.0,4733.0,6052.0,3478.0,6564.0,4725.0,3267.0,2222.0,3470.0,7489.0,3080.0,5909.0,4396.0,3535.0,8877.0,5947.0,6553.0,5368.0,3994.0,6728.0,5028.0,9267.0,3461.0,5285.0,5294.0,5852.0,3937.0,2511.0,4676.0,4523.0,2736.0,3049.0,5335.0,4529.0,5639.0,4505.0,5792.0,4827.0,4826.0,6923.0,3521.0,5650.0,7027.0,4513.0,4356.0,4448.0,3059.0,7950.0,3653.0,4762.0,4373.0,6886.0,4446.0,3859.0,7974.0,2629.0,4428.0,8006.0,4715.0,2833.0,6171.0,5411.0,6887.0,3814.0,5471.0,3683.0,5429.0,4947.0,6023.0,6443.0,5182.0,3631.0,5910.0,5675.0,3842.0,4761.0,5126.0,3234.0,3225.0,4696.0,3754.0,2651.0,6261.0,4377.0,4832.0,4979.0,5320.0,6903.0,6661.0,4400.0,5281.0,6910.0,3760.0,4960.0,5704.0,7508.0,3566.0,2914.0,3741.0,5195.0,5581.0,3162.0,6159.0,5806.0,2190.0,3740.0,4493.0,4982.0,5319.0,4533.0,5392.0,3113.0,2364.0,3806.0,5005.0,6849.0,3388.0,3790.0,6684.0,2833.0,4763.0,4967.0,7767.0,4824.0,3644.0,5823.0,5830.0,3951.0,6010.0,5945.0,3845.0,5453.0,3709.0,7017.0,3767.0,5375.0,3567.0,2652.0,3706.0,2486.0,4840.0,6723.0,4615.0,6271.0,3629.0,4507.0,8101.0,2629.0,6321.0,7028.0,2464.0,5850.0,4253.0,6020.0,3179.0,2675.0,5296.0,3920.0,2860.0,3235.0,5114.0,4468.0,4384.0,4038.0,7589.0,5669.0,4471.0,4176.0,5051.0,5811.0,5791.0,7366.0,4963.0,4925.0,2794.0,6963.0,3567.0,3003.0,4823.0,3906.0,5614.0,9203.0,4011.0,6787.0,5130.0,4670.0,4911.0,3623.0,3122.0,4191.0,4851.0,3225.0,3161.0,4499.0,3194.0,6325.0,5035.0,6127.0,7337.0,4554.0,5647.0,2902.0,4853.0,5583.0,3240.0,4930.0,7613.0,7710.0,2578.0,4420.0,4558.0,4377.0,5218.0,5508.0,3056.0,4765.0,5337.0,6021.0,4856.0,2860.0,5187.0
